id,name,swings_competitive,percent_swings_competitive,contact,avg_bat_speed,hard_swing_rate,squared_up_per_bat_contact,squared_up_per_swing,blast_per_bat_contact,blast_per_swing,swing_length,swords,batter_run_value,whiffs,whiff_per_swing,batted_ball_events,batted_ball_event_per_swing,season
691406,"Caminero, Junior",33,0.868421052631579,29,79.914381212,0.9393939393939392,0.1724137931034483,0.1515151515151515,0.1379310344827586,0.1212121212121212,8.33215303,1,-0.1970193602956309,4,0.1212121212121212,17,0.5151515151515151,2025
665833,"Cruz, Oneil",39,0.8863636363636364,29,79.584492051,0.8205128205128204,0.3448275862068966,0.2564102564102564,0.2758620689655172,0.2051282051282051,7.658194615,2,0.5125391631978922,10,0.2564102564102564,17,0.4358974358974359,2025
691023,"Walker, Jordan",51,0.9622641509433962,36,78.607883529,0.8627450980392156,0.2222222222222222,0.1568627450980392,0.1388888888888889,0.0980392156862745,7.934957059,0,0.8252343205320309,15,0.2941176470588235,14,0.2745098039215686,2025
678877,"Noel, Jhonkensy",19,1.0,14,77.835753158,0.6842105263157895,0.2142857142857142,0.1578947368421052,0.2142857142857142,0.1578947368421052,7.373239474,0,-2.0771770045123423,5,0.2631578947368421,9,0.4736842105263157,2025
670242,"Wallner, Matt",42,0.9333333333333332,21,77.326981429,0.8095238095238095,0.2857142857142857,0.1428571428571428,0.0952380952380952,0.0476190476190476,7.368198333,1,-1.823386520023365,21,0.5,10,0.238095238095238,2025
670541,"Alvarez, Yordan",50,0.925925925925926,38,76.9326292,0.7799999999999999,0.1578947368421052,0.12,0.0789473684210526,0.06,7.9093148,0,-3.0114540109885506,12,0.24,14,0.28,2025
660271,"Ohtani, Shohei",50,0.8928571428571429,39,76.6581688,0.66,0.4358974358974359,0.34,0.358974358974359,0.28,8.1661332,3,3.658071970071004,11,0.22,21,0.42,2025
666176,"Adell, Jo",14,0.8235294117647058,11,76.556478571,0.5714285714285714,0.3636363636363636,0.2857142857142857,0.2727272727272727,0.2142857142857142,7.776032143,1,-0.6293051811795334,3,0.2142857142857142,7,0.5,2025
592450,"Judge, Aaron",28,0.9032258064516128,18,76.481192857,0.7142857142857143,0.6111111111111112,0.3928571428571428,0.5,0.3214285714285714,8.343971071,0,4.479744852500484,10,0.3571428571428571,12,0.4285714285714285,2025
695578,"Wood, James",43,0.8958333333333334,32,76.414781163,0.6511627906976745,0.25,0.1860465116279069,0.21875,0.1627906976744186,7.432511628,1,-0.4613604992540571,11,0.2558139534883721,10,0.2325581395348837,2025
683146,"Baty, Brett",28,0.9032258064516128,20,76.382413929,0.6428571428571428,0.4,0.2857142857142857,0.15,0.1071428571428571,7.777241429,0,-2.739738874929957,8,0.2857142857142857,9,0.3214285714285714,2025
656941,"Schwarber, Kyle",27,0.8709677419354839,21,76.364338148,0.7407407407407407,0.4761904761904761,0.3703703703703703,0.4285714285714285,0.3333333333333333,7.659024444,1,3.121631571311124,6,0.2222222222222222,14,0.5185185185185185,2025
575929,"Contreras, Willson",49,0.9074074074074074,30,76.239445306,0.6326530612244898,0.2,0.1224489795918367,0.0666666666666666,0.0408163265306122,7.933593878,1,-5.255273072670836,19,0.3877551020408163,13,0.2653061224489796,2025
624413,"Alonso, Pete",48,0.979591836734694,39,76.168539792,0.6041666666666666,0.358974358974359,0.2916666666666667,0.2564102564102564,0.2083333333333333,7.154422708,0,-1.3066305063847337,9,0.1875,18,0.375,2025
673357,"Robert Jr., Luis",43,0.8958333333333334,29,76.161041628,0.6511627906976744,0.2413793103448276,0.1627906976744186,0.1724137931034483,0.1162790697674418,7.976796279,1,-2.504409911989557,14,0.3255813953488372,15,0.3488372093023256,2025
663624,"Mountcastle, Ryan",42,0.9333333333333332,28,76.136237381,0.5952380952380952,0.3928571428571428,0.2619047619047619,0.2142857142857142,0.1428571428571428,7.667194286,2,-1.372336488504467,14,0.3333333333333333,16,0.3809523809523809,2025
672356,"Arias, Gabriel",37,0.8604651162790697,22,76.077946757,0.6216216216216216,0.3181818181818182,0.1891891891891892,0.2272727272727272,0.1351351351351351,7.778617297,1,0.2276636041820545,15,0.4054054054054054,12,0.3243243243243243,2025
682829,"De La Cruz, Elly",36,0.9230769230769232,24,75.943245556,0.6666666666666666,0.5416666666666666,0.3611111111111111,0.4166666666666667,0.2777777777777778,7.160374167,1,1.6731551582240285,12,0.3333333333333333,18,0.5,2025
547180,"Harper, Bryce",39,0.9069767441860463,31,75.845929487,0.6153846153846154,0.3225806451612903,0.2564102564102564,0.1612903225806451,0.1282051282051282,7.473069231,1,-1.3651843959492784,8,0.2051282051282051,18,0.4615384615384615,2025
696100,"Goodman, Hunter",44,0.8979591836734694,33,75.799266364,0.6136363636363636,0.2424242424242424,0.1818181818181818,0.1818181818181818,0.1363636363636363,7.124245455,1,2.7962005400896155,11,0.25,13,0.2954545454545454,2025
663898,"Rodgers, Brendan",17,0.8947368421052632,13,75.691215294,0.5294117647058824,0.3846153846153846,0.2941176470588235,0.2307692307692307,0.1764705882352941,7.216197059,0,-1.7833185644791252,4,0.2352941176470588,9,0.5294117647058824,2025
663586,"Riley, Austin",50,0.8928571428571429,34,75.4447416,0.5800000000000001,0.2058823529411764,0.14,0.1470588235294117,0.1,7.667643,0,-2.250724010402693,16,0.32,15,0.3,2025
682998,"Carroll, Corbin",35,0.8333333333333334,22,75.421798857,0.5428571428571428,0.4090909090909091,0.2571428571428571,0.2727272727272727,0.1714285714285714,7.335164286,3,0.3294659435185447,13,0.3714285714285714,11,0.3142857142857143,2025
621439,"Buxton, Byron",34,0.918918918918919,19,75.390264412,0.4411764705882352,0.3684210526315789,0.2058823529411764,0.2105263157894736,0.1176470588235294,8.190388235,0,-1.060597983569558,15,0.4411764705882353,13,0.3823529411764705,2025
656305,"Chapman, Matt",35,0.8974358974358975,25,75.353684286,0.5428571428571428,0.2,0.1428571428571428,0.12,0.0857142857142857,7.246126,2,-0.6311279199603136,10,0.2857142857142857,13,0.3714285714285714,2025
656248,"Bouchard, Sean",6,0.75,2,75.238461667,0.6666666666666667,0.0,0.0,0.0,0.0,7.767556667,1,-0.913279237751217,4,0.6666666666666666,1,0.1666666666666666,2025
669394,"Burger, Jake",40,0.8888888888888888,31,75.14356975,0.5750000000000001,0.2580645161290322,0.2,0.1935483870967742,0.15,7.477924,1,-2.902634467410756,9,0.225,16,0.4,2025
606466,"Marte, Ketel",48,0.9056603773584906,34,75.099739375,0.5208333333333334,0.3823529411764705,0.2708333333333333,0.2647058823529412,0.1875,8.076365,0,-1.1998346351693734,14,0.2916666666666667,18,0.375,2025
641933,"O'Neill, Tyler",25,0.8928571428571429,20,74.9605812,0.6,0.4,0.32,0.25,0.2,7.5852608,1,2.3646012444558258,5,0.2,13,0.52,2025
682985,"Greene, Riley",45,0.8823529411764706,31,74.871172667,0.4666666666666667,0.2258064516129032,0.1555555555555555,0.064516129032258,0.0444444444444444,7.298883556,1,-0.2054371838709859,14,0.3111111111111111,13,0.2888888888888888,2025
686948,"Baldwin, Drake",36,0.9,29,74.810693889,0.4722222222222222,0.3448275862068966,0.2777777777777778,0.2413793103448276,0.1944444444444444,7.044126111,0,-4.518067564296794,7,0.1944444444444444,14,0.3888888888888889,2025
592626,"Pederson, Joc",36,0.9,29,74.719161667,0.4444444444444445,0.3103448275862069,0.25,0.1034482758620689,0.0833333333333333,7.667863333,0,-3.061641030972396,7,0.1944444444444444,13,0.3611111111111111,2025
641857,"McMahon, Ryan",37,0.9736842105263158,24,74.659831622,0.5135135135135135,0.2916666666666667,0.1891891891891892,0.125,0.081081081081081,7.489556486,0,-3.1184502682674005,13,0.3513513513513513,9,0.2432432432432432,2025
665489,"Guerrero Jr., Vladimir",46,0.9019607843137256,32,74.657136957,0.5434782608695653,0.34375,0.2391304347826087,0.28125,0.1956521739130435,7.422771522,1,-1.9255798493961,14,0.3043478260869565,16,0.3478260869565217,2025
677594,"Rodríguez, Julio",48,0.96,23,74.590296667,0.3958333333333333,0.391304347826087,0.1875,0.217391304347826,0.1041666666666666,7.71897125,1,-1.59267426248619,25,0.5208333333333334,13,0.2708333333333333,2025
671218,"Ramos, Heliot",67,0.881578947368421,53,74.519574925,0.4776119402985074,0.1886792452830188,0.1492537313432835,0.0943396226415094,0.0746268656716417,6.803893582,2,2.8003033370135326,14,0.208955223880597,15,0.2238805970149253,2025
663728,"Raleigh, Cal",47,0.903846153846154,31,74.511884043,0.5319148936170213,0.2903225806451613,0.1914893617021276,0.1935483870967742,0.1276595744680851,7.762410851,1,-3.573615092294334,16,0.3404255319148936,16,0.3404255319148936,2025
621566,"Olson, Matt",42,0.9130434782608696,34,74.502618571,0.5238095238095238,0.2941176470588235,0.238095238095238,0.1764705882352941,0.1428571428571428,7.441411429,1,-2.7319255114218164,8,0.1904761904761904,14,0.3333333333333333,2025
592669,"Renfroe, Hunter",26,0.8666666666666667,20,74.494582308,0.4230769230769231,0.35,0.2692307692307692,0.1,0.0769230769230769,7.624633077,1,-2.032527878047249,6,0.2307692307692307,12,0.4615384615384615,2025
592518,"Machado, Manny",41,0.9318181818181818,30,74.480695122,0.4390243902439024,0.5,0.3658536585365853,0.3,0.2195121951219512,7.900252195,1,0.3560316199881861,11,0.2682926829268293,19,0.4634146341463415,2025
665487,"Tatis Jr., Fernando",46,0.8846153846153846,36,74.452098261,0.5000000000000001,0.3333333333333333,0.2608695652173913,0.25,0.1956521739130435,7.175047391,0,0.3027468135183234,10,0.217391304347826,20,0.4347826086956521,2025
663457,"Nootbaar, Lars",44,0.8979591836734694,37,74.423458636,0.5227272727272727,0.3783783783783784,0.3181818181818182,0.2162162162162162,0.1818181818181818,6.992168864,0,2.4842212154403733,7,0.1590909090909091,19,0.4318181818181818,2025
641555,"Escarra, J.C.",3,0.75,2,74.34222,0.3333333333333333,0.0,0.0,0.0,0.0,7.846403333,0,-0.4550406035554595,1,0.3333333333333333,1,0.3333333333333333,2025
669065,"Stowers, Kyle",48,0.8888888888888888,31,74.275961042,0.4791666666666666,0.2580645161290322,0.1666666666666666,0.2258064516129032,0.1458333333333333,6.595533958,3,-1.6232670450639692,17,0.3541666666666667,12,0.25,2025
671732,"Butler, Lawrence",46,0.9019607843137256,32,74.240489783,0.4347826086956521,0.34375,0.2391304347826087,0.1875,0.1304347826086956,6.79178913,0,-3.3011680330886755,14,0.3043478260869565,19,0.4130434782608695,2025
672724,"Peraza, Oswald",2,1.0,2,74.211295,0.5,1.0,1.0,1.0,1.0,7.82375,0,1.1962836351800252,0,0.0,2,1.0,2025
671056,"Herrera, Iván",31,0.9117647058823528,28,74.207366774,0.4516129032258064,0.1785714285714285,0.1612903225806451,0.1428571428571428,0.1290322580645161,7.580469355,0,3.188281150479888,3,0.0967741935483871,10,0.3225806451612903,2025
666624,"Morel, Christopher",19,0.8260869565217391,10,74.181462105,0.5263157894736842,0.3,0.1578947368421052,0.0,0.0,8.139032632,2,-0.1647668096706545,9,0.4736842105263157,5,0.2631578947368421,2025
572233,"Walker, Christian",40,0.8888888888888888,25,74.0615775,0.3,0.4,0.25,0.2,0.125,7.6679295,1,-3.1639059621713765,15,0.375,13,0.325,2025
670223,"Mervis, Matt",30,0.8823529411764706,20,74.048983333,0.3666666666666666,0.25,0.1666666666666666,0.2,0.1333333333333333,8.354944333,0,-2.046150754483933,10,0.3333333333333333,7,0.2333333333333333,2025
663698,"Bart, Joey",34,0.918918918918919,21,74.026695588,0.4411764705882353,0.3333333333333333,0.2058823529411764,0.0952380952380952,0.0588235294117647,7.272970882,0,-2.69726481544142,13,0.3823529411764705,12,0.3529411764705882,2025
687597,"Beck, Jordan",29,0.935483870967742,19,74.017108966,0.4482758620689654,0.2631578947368421,0.1724137931034483,0.1578947368421052,0.1034482758620689,7.671282414,0,-1.1048678880965053,10,0.3448275862068966,7,0.2413793103448276,2025
682928,"Abrams, CJ",43,0.8958333333333334,32,73.990087442,0.3488372093023255,0.28125,0.2093023255813953,0.1875,0.1395348837209302,7.741738837,1,1.335490807629345,11,0.2558139534883721,16,0.3720930232558139,2025
669261,"Suwinski, Jack",34,0.8947368421052632,22,73.950443529,0.4411764705882353,0.2727272727272727,0.1764705882352941,0.1363636363636363,0.088235294117647,7.379887647,1,-2.115854194569895,12,0.3529411764705882,10,0.2941176470588235,2025
694671,"Langford, Wyatt",43,0.9347826086956522,35,73.946899767,0.4651162790697674,0.4,0.3255813953488372,0.1714285714285714,0.1395348837209302,7.179412326,0,0.5964457017716343,8,0.1860465116279069,21,0.4883720930232558,2025
669224,"Wells, Austin",35,0.8536585365853658,24,73.938822286,0.3999999999999999,0.2916666666666667,0.2,0.2083333333333333,0.1428571428571428,7.766344571,0,1.5930623440690583,11,0.3142857142857143,11,0.3142857142857143,2025
691176,"Domínguez, Jasson",34,0.8717948717948718,22,73.894529706,0.2941176470588235,0.2272727272727272,0.1470588235294117,0.0909090909090909,0.0588235294117647,8.167052941,0,-1.3293695634193086,12,0.3529411764705882,10,0.2941176470588235,2025
700242,"Sweeney, Trey",35,0.9210526315789472,28,73.885083714,0.4285714285714285,0.2857142857142857,0.2285714285714285,0.1428571428571428,0.1142857142857142,7.434872857,1,-0.7893091321874284,7,0.2,16,0.4571428571428571,2025
671213,"Casas, Triston",47,0.9215686274509804,28,73.878331915,0.4042553191489362,0.1071428571428571,0.0638297872340425,0.0714285714285714,0.0425531914893617,8.075745106,1,-3.5001799137475387,19,0.4042553191489361,11,0.2340425531914893,2025
650490,"Díaz, Yandy",43,0.8958333333333334,39,73.869368837,0.3953488372093023,0.4358974358974359,0.3953488372093023,0.282051282051282,0.2558139534883721,7.567772791,0,-4.102503054353134,4,0.0930232558139534,24,0.5581395348837209,2025
686469,"Pasquantino, Vinnie",34,0.8947368421052632,27,73.844085294,0.4705882352941176,0.2592592592592592,0.2058823529411764,0.1111111111111111,0.088235294117647,7.420553235,1,-1.3270381213777824,7,0.2058823529411764,14,0.4117647058823529,2025
700250,"Rice, Ben",22,0.9565217391304348,15,73.792189545,0.3181818181818182,0.4,0.2727272727272727,0.4,0.2727272727272727,7.594610909,0,4.682282238728192,7,0.3181818181818182,8,0.3636363636363636,2025
668227,"Arozarena, Randy",54,0.8852459016393442,34,73.785635556,0.4444444444444444,0.2647058823529412,0.1666666666666666,0.2058823529411764,0.1296296296296296,7.418671667,2,-0.688835081996675,20,0.3703703703703703,12,0.2222222222222222,2025
677951,"Witt Jr., Bobby",49,0.9074074074074074,37,73.774758776,0.4285714285714285,0.2972972972972973,0.2244897959183673,0.1621621621621621,0.1224489795918367,6.980595102,1,-2.325677820664452,12,0.2448979591836734,15,0.3061224489795918,2025
669004,"Melendez, MJ",26,0.896551724137931,15,73.734713846,0.3076923076923076,0.2,0.1153846153846153,0.0,0.0,7.816415769,2,-2.597253458130487,11,0.4230769230769231,7,0.2692307692307692,2025
694192,"Chourio, Jackson",61,0.9104477611940298,46,73.696862787,0.4426229508196721,0.2826086956521739,0.2131147540983606,0.1739130434782608,0.1311475409836065,7.517005082,0,0.1342264942936577,15,0.2459016393442623,16,0.2622950819672131,2025
666134,"Jones, Nolan",31,0.8378378378378378,21,73.679780968,0.3225806451612903,0.1904761904761904,0.1290322580645161,0.0952380952380952,0.064516129032258,6.845675806,1,-0.5560627030047653,10,0.3225806451612903,7,0.2258064516129032,2025
542303,"Ozuna, Marcell",32,0.8888888888888888,22,73.664772188,0.46875,0.2272727272727272,0.15625,0.0454545454545454,0.03125,7.288963125,1,-3.0386985519316365,10,0.3125,6,0.1875,2025
665052,"Conine, Griffin",38,0.926829268292683,29,73.644019737,0.3947368421052631,0.3103448275862069,0.2368421052631578,0.2413793103448276,0.1842105263157894,7.479742632,0,2.122256024532498,9,0.2368421052631578,16,0.4210526315789473,2025
657136,"Wong, Connor",41,0.8913043478260869,28,73.636607805,0.3414634146341463,0.1785714285714285,0.1219512195121951,0.1428571428571428,0.0975609756097561,7.447722683,2,-3.205559317504449,13,0.3170731707317073,12,0.2926829268292683,2025
692225,"Campbell, Kristian",40,0.8695652173913043,30,73.62636975,0.3999999999999999,0.2666666666666666,0.2,0.1666666666666666,0.125,6.7923845,0,2.567280255882112,10,0.25,13,0.325,2025
545341,"Grichuk, Randal",27,0.9642857142857144,21,73.575539259,0.2962962962962963,0.2857142857142857,0.2222222222222222,0.1428571428571428,0.1111111111111111,7.644912593,0,0.136775584721268,6,0.2222222222222222,6,0.2222222222222222,2025
681297,"Cowser, Colton",29,0.90625,16,73.556122414,0.3103448275862069,0.375,0.2068965517241379,0.3125,0.1724137931034483,7.459772069,0,-1.80114994775463,13,0.4482758620689655,8,0.2758620689655172,2025
701305,"Dezenzo, Zach",12,0.8571428571428571,7,73.547641667,0.3333333333333333,0.0,0.0,0.0,0.0,7.66929,1,-0.8797184260851886,5,0.4166666666666667,3,0.25,2025
680776,"Duran, Jarren",42,0.8936170212765957,33,73.53196619,0.3333333333333333,0.4242424242424242,0.3333333333333333,0.303030303030303,0.238095238095238,7.395161667,1,-1.571931279978883,9,0.2142857142857142,20,0.4761904761904761,2025
672284,"Kelenic, Jarred",37,0.9487179487179488,22,73.502113784,0.3783783783783784,0.2272727272727272,0.1351351351351351,0.1363636363636363,0.081081081081081,7.401601622,0,-3.0183655760714485,15,0.4054054054054054,12,0.3243243243243243,2025
664761,"Bohm, Alec",32,0.8888888888888888,28,73.498717813,0.375,0.5357142857142857,0.46875,0.4642857142857143,0.40625,7.580875313,1,-1.232502542855154,4,0.125,18,0.5625,2025
670042,"Raley, Luke",36,0.9473684210526316,17,73.4911,0.4444444444444445,0.1764705882352941,0.0833333333333333,0.1764705882352941,0.0833333333333333,7.283468611,1,-1.7164035073969928,19,0.5277777777777778,7,0.1944444444444444,2025
657757,"Sheets, Gavin",32,0.8888888888888888,28,73.453747188,0.34375,0.3928571428571428,0.34375,0.2142857142857142,0.1875,7.864260938,2,2.2520368754221307,4,0.125,15,0.46875,2025
677800,"Abreu, Wilyer",36,0.9,32,73.445265833,0.3055555555555556,0.25,0.2222222222222222,0.125,0.1111111111111111,7.028013333,2,2.5693761107644817,4,0.1111111111111111,12,0.3333333333333333,2025
667670,"Rooker, Brent",52,0.896551724137931,35,73.426121538,0.3846153846153846,0.3714285714285714,0.25,0.1714285714285714,0.1153846153846153,7.192703462,2,0.5976508513880745,17,0.3269230769230769,19,0.3653846153846153,2025
691016,"Soderstrom, Tyler",42,0.8936170212765957,30,73.328277381,0.3095238095238095,0.3333333333333333,0.238095238095238,0.2666666666666666,0.1904761904761904,7.586449762,2,-0.8479654581018476,12,0.2857142857142857,15,0.3571428571428571,2025
665862,"Chisholm Jr., Jazz",41,0.8913043478260869,24,73.238202195,0.3414634146341463,0.3333333333333333,0.1951219512195122,0.1666666666666666,0.0975609756097561,7.731161707,0,1.950744292496388,17,0.4146341463414634,10,0.2439024390243902,2025
624585,"Soler, Jorge",34,0.918918918918919,26,73.203016765,0.2941176470588235,0.3846153846153846,0.2941176470588235,0.3076923076923077,0.2352941176470588,7.934286176,0,-1.9170475125782496,8,0.2352941176470588,13,0.3823529411764705,2025
687952,"Encarnacion-Strand, Christian",38,0.8837209302325582,24,73.188737368,0.2368421052631578,0.375,0.2368421052631578,0.2083333333333333,0.131578947368421,7.426020263,0,0.0783768015564705,14,0.3684210526315789,11,0.2894736842105263,2025
545361,"Trout, Mike",47,0.903846153846154,35,73.143045532,0.3404255319148936,0.2285714285714285,0.1702127659574468,0.1428571428571428,0.1063829787234042,7.292011277,2,-1.1014764539010446,12,0.2553191489361702,17,0.3617021276595745,2025
657041,"Thomas, Lane",27,0.9,23,73.120341852,0.1851851851851852,0.3043478260869565,0.2592592592592592,0.0869565217391304,0.074074074074074,7.042782222,0,-2.5692168304501988,4,0.1481481481481481,15,0.5555555555555556,2025
673548,"Suzuki, Seiya",75,0.9036144578313252,56,73.087359467,0.36,0.2678571428571428,0.2,0.1607142857142857,0.12,7.333458133,1,0.8207642021125598,19,0.2533333333333333,23,0.3066666666666666,2025
592663,"Realmuto, J.T.",38,0.926829268292683,26,73.045039474,0.4210526315789473,0.1923076923076923,0.131578947368421,0.1538461538461538,0.1052631578947368,7.321707368,1,-2.3983389899618817,12,0.3157894736842105,11,0.2894736842105263,2025
670224,"Misner, Kameron",26,0.9285714285714286,17,73.023621154,0.1923076923076923,0.5882352941176471,0.3846153846153846,0.3529411764705882,0.2307692307692307,8.098494231,0,0.6151315211898424,9,0.3461538461538461,11,0.4230769230769231,2025
681351,"O'Hoppe, Logan",24,0.8275862068965517,15,72.97666125,0.2916666666666666,0.4,0.25,0.3333333333333333,0.2083333333333333,7.839009583,0,0.3702886937291134,9,0.375,8,0.3333333333333333,2025
691718,"Crow-Armstrong, Pete",70,0.9090909090909092,51,72.965681714,0.2857142857142857,0.3333333333333333,0.2428571428571428,0.0980392156862745,0.0714285714285714,7.351782429,0,-4.101599573277184,19,0.2714285714285714,22,0.3142857142857143,2025
656811,"O'Hearn, Ryan",31,0.9117647058823528,28,72.965347742,0.3225806451612903,0.3214285714285714,0.2903225806451613,0.1785714285714285,0.1612903225806451,7.193702903,1,0.3863279947865961,3,0.0967741935483871,12,0.3870967741935484,2025
521692,"Perez, Salvador",44,0.8627450980392157,33,72.907235909,0.3181818181818182,0.2121212121212121,0.1590909090909091,0.1515151515151515,0.1136363636363636,8.119834091,1,-1.918841646042592,11,0.25,16,0.3636363636363636,2025
701538,"Merrill, Jackson",45,0.8823529411764706,38,72.883646444,0.3111111111111111,0.3157894736842105,0.2666666666666666,0.1842105263157894,0.1555555555555555,7.495001778,0,3.918190811553272,7,0.1555555555555555,16,0.3555555555555555,2025
669911,"Toglia, Michael",37,0.8043478260869565,21,72.858153243,0.1081081081081081,0.1428571428571428,0.081081081081081,0.0476190476190476,0.027027027027027,7.580891622,2,-3.3250895414299144,16,0.4324324324324324,6,0.1621621621621621,2025
607043,"Nimmo, Brandon",42,0.8936170212765957,32,72.731463571,0.3333333333333333,0.375,0.2857142857142857,0.28125,0.2142857142857142,7.602652619,4,0.2842089128783036,10,0.238095238095238,17,0.4047619047619047,2025
666969,"García, Adolis",48,0.9056603773584906,34,72.723451667,0.2916666666666667,0.5588235294117647,0.3958333333333333,0.2941176470588235,0.2083333333333333,7.906803333,0,0.2806175673977096,14,0.2916666666666667,20,0.4166666666666667,2025
663656,"Tucker, Kyle",66,0.9565217391304348,55,72.704631061,0.3333333333333333,0.3454545454545454,0.2878787878787879,0.1272727272727272,0.106060606060606,7.632247121,0,2.791316514715824,11,0.1666666666666666,29,0.4393939393939394,2025
624641,"Sosa, Edmundo",28,0.9333333333333332,21,72.694235,0.2857142857142857,0.3809523809523809,0.2857142857142857,0.238095238095238,0.1785714285714285,8.113206429,0,3.832652596249575,7,0.25,12,0.4285714285714285,2025
669127,"Langeliers, Shea",38,0.8837209302325582,31,72.685377105,0.1842105263157895,0.3870967741935484,0.3157894736842105,0.0967741935483871,0.0789473684210526,7.141957105,0,0.2377249334919642,7,0.1842105263157894,16,0.4210526315789473,2025
608369,"Seager, Corey",31,0.9117647058823528,27,72.666270323,0.2258064516129032,0.2222222222222222,0.1935483870967742,0.1111111111111111,0.0967741935483871,6.671846129,1,-3.1220478255879094,4,0.1290322580645161,12,0.3870967741935484,2025
663616,"Larnach, Trevor",35,0.8974358974358975,28,72.659443143,0.2571428571428571,0.2142857142857142,0.1714285714285714,0.0714285714285714,0.0571428571428571,7.493758571,1,-1.134760641319998,7,0.2,11,0.3142857142857143,2025
553993,"Suárez, Eugenio",36,0.9230769230769232,22,72.649967222,0.2777777777777778,0.5909090909090909,0.3611111111111111,0.3636363636363636,0.2222222222222222,7.921216667,1,2.367104292065395,14,0.3888888888888889,13,0.3611111111111111,2025
672386,"Kirk, Alejandro",31,0.8857142857142857,25,72.62466871,0.2580645161290322,0.44,0.3548387096774194,0.24,0.1935483870967742,7.211059677,0,-1.294922628241605,6,0.1935483870967742,16,0.5161290322580645,2025
669707,"Triolo, Jared",22,0.9565217391304348,17,72.583996364,0.2727272727272727,0.2941176470588235,0.2272727272727272,0.1764705882352941,0.1363636363636363,7.597991818,0,-2.296477161860437,5,0.2272727272727272,9,0.4090909090909091,2025
571448,"Arenado, Nolan",36,0.8780487804878049,30,72.557606667,0.3611111111111111,0.4333333333333333,0.3611111111111111,0.0666666666666666,0.0555555555555555,8.415369722,1,2.920996461416737,6,0.1666666666666666,18,0.5,2025
592885,"Yelich, Christian",34,0.8947368421052632,23,72.527293529,0.2941176470588235,0.2608695652173913,0.1764705882352941,0.1739130434782608,0.1176470588235294,7.276859412,0,-1.514505109423889,11,0.3235294117647059,11,0.3235294117647059,2025
650489,"Castro, Willi",34,0.8947368421052632,28,72.469639118,0.2941176470588235,0.3571428571428571,0.2941176470588235,0.2857142857142857,0.2352941176470588,7.173564412,0,1.6011256655154311,6,0.1764705882352941,13,0.3823529411764705,2025
678662,"Tovar, Ezequiel",34,0.8292682926829268,26,72.447376176,0.2352941176470588,0.3846153846153846,0.2941176470588235,0.1153846153846153,0.088235294117647,7.312217353,0,-2.6203702764262404,8,0.2352941176470588,15,0.4411764705882353,2025
681624,"Pages, Andy",62,0.8857142857142857,51,72.423008548,0.2419354838709677,0.1176470588235294,0.0967741935483871,0.0196078431372549,0.0161290322580645,7.749005968,3,-2.8752625375585708,11,0.1774193548387097,13,0.2096774193548387,2025
668804,"Reynolds, Bryan",65,0.9285714285714286,45,72.405248769,0.2153846153846154,0.2888888888888888,0.2,0.1777777777777777,0.123076923076923,6.850213538,1,-3.8782319335561386,20,0.3076923076923077,22,0.3384615384615385,2025
596146,"Kepler, Max",34,0.8947368421052632,24,72.392974118,0.2941176470588236,0.375,0.2647058823529412,0.125,0.088235294117647,7.185626176,1,1.680122908554363,10,0.2941176470588235,10,0.2941176470588235,2025
687401,"Ortiz, Joey",37,0.8809523809523809,32,72.376691081,0.1891891891891891,0.1875,0.1621621621621621,0.125,0.1081081081081081,7.430539189,0,-2.467090499598044,5,0.1351351351351351,17,0.4594594594594595,2025
624424,"Conforto, Michael",41,0.9761904761904762,29,72.35598561,0.2926829268292683,0.2068965517241379,0.1463414634146341,0.1379310344827586,0.0975609756097561,7.268247073,0,1.3041829888443544,12,0.2926829268292683,11,0.2682926829268293,2025
681460,"Baldwin, Brooks",35,0.8974358974358975,30,72.348877143,0.2285714285714286,0.2333333333333333,0.2,0.1333333333333333,0.1142857142857142,6.905971143,0,-0.1751739302029106,5,0.1428571428571428,12,0.3428571428571428,2025
663697,"India, Jonathan",41,0.8913043478260869,35,72.279741463,0.1951219512195122,0.3428571428571428,0.2926829268292683,0.1428571428571428,0.1219512195121951,7.488049756,2,-0.0711479065268527,6,0.1463414634146341,18,0.4390243902439024,2025
700932,"Manzardo, Kyle",37,0.902439024390244,26,72.278925135,0.2162162162162162,0.3846153846153846,0.2702702702702703,0.1923076923076923,0.1351351351351351,7.714572432,0,1.1802752935405902,11,0.2972972972972973,15,0.4054054054054054,2025
701358,"Smith, Cam",18,0.9,13,72.174381667,0.3888888888888889,0.3846153846153846,0.2777777777777778,0.2307692307692307,0.1666666666666666,7.142673889,3,-1.3085059784567026,5,0.2777777777777778,7,0.3888888888888889,2025
691026,"Winn, Masyn",39,0.9069767441860463,24,72.165906667,0.1794871794871795,0.25,0.1538461538461538,0.0833333333333333,0.0512820512820512,7.583752051,0,-4.122194384779307,15,0.3846153846153846,8,0.2051282051282051,2025
668952,"Kreidler, Ryan",34,0.8947368421052632,19,72.142197941,0.2941176470588235,0.2105263157894736,0.1176470588235294,0.1052631578947368,0.0588235294117647,7.779982941,1,-2.0221442438260704,15,0.4411764705882353,8,0.2352941176470588,2025
593428,"Bogaerts, Xander",35,0.8974358974358975,28,72.125123429,0.2285714285714286,0.3214285714285714,0.2571428571428571,0.1071428571428571,0.0857142857142857,7.464022571,1,-0.1871452610448024,7,0.2,14,0.4,2025
642715,"Adames, Willy",42,0.9545454545454546,29,72.103455714,0.1666666666666666,0.3793103448275862,0.2619047619047619,0.1724137931034483,0.119047619047619,8.219592381,0,-3.669307174580056,13,0.3095238095238095,15,0.3571428571428571,2025
502671,"Goldschmidt, Paul",34,0.918918918918919,27,72.102405588,0.088235294117647,0.3703703703703703,0.2941176470588235,0.1481481481481481,0.1176470588235294,7.794826765,1,-1.199904061975619,7,0.2058823529411764,13,0.3823529411764705,2025
676475,"Burleson, Alec",38,0.9047619047619048,34,72.056419474,0.2105263157894737,0.2647058823529412,0.2368421052631578,0.088235294117647,0.0789473684210526,7.526511316,0,-1.245798171814212,4,0.1052631578947368,15,0.3947368421052631,2025
671739,"Harris II, Michael",39,0.8863636363636364,30,72.030737179,0.2307692307692307,0.2666666666666666,0.2051282051282051,0.1333333333333333,0.1025641025641025,7.660846667,1,-2.3647285700271814,9,0.2307692307692307,16,0.4102564102564102,2025
664023,"Happ, Ian",67,0.9054054054054054,54,72.027832985,0.1791044776119403,0.2037037037037037,0.1641791044776119,0.074074074074074,0.0597014925373134,7.107025522,1,-2.316881366825485,13,0.1940298507462686,25,0.373134328358209,2025
669304,"Miranda, Jose",24,0.8888888888888888,16,72.015045,0.25,0.3125,0.2083333333333333,0.1875,0.125,7.75760375,0,-1.435201851482198,8,0.3333333333333333,9,0.375,2025
661388,"Contreras, William",40,0.8888888888888888,25,71.98387775,0.25,0.2,0.125,0.08,0.05,6.74032575,0,-2.650110795139291,15,0.375,9,0.225,2025
682641,"Matos, Luis",16,0.8421052631578947,15,71.951415,0.1875,0.4666666666666667,0.4375,0.1333333333333333,0.125,7.10930125,0,0.8549322901705759,1,0.0625,10,0.625,2025
666971,"Gurriel Jr., Lourdes",45,0.9183673469387756,34,71.950294444,0.1333333333333333,0.4117647058823529,0.3111111111111111,0.1470588235294117,0.1111111111111111,7.448733333,2,-0.4550260628922464,11,0.2444444444444444,20,0.4444444444444444,2025
665804,"Amaya, Miguel",38,0.926829268292683,26,71.942477895,0.2368421052631579,0.3846153846153846,0.2631578947368421,0.1153846153846153,0.0789473684210526,7.671339737,0,-0.401373751619555,12,0.3157894736842105,15,0.3947368421052631,2025
691777,"Muncy, Max",34,0.8947368421052632,24,71.938872353,0.2352941176470588,0.3333333333333333,0.2352941176470588,0.1666666666666666,0.1176470588235294,7.171403529,3,-2.554515082859808,10,0.2941176470588235,14,0.4117647058823529,2025
660162,"Moncada, Yoán",32,0.9142857142857144,24,71.918170313,0.28125,0.375,0.28125,0.0833333333333333,0.0625,7.145590313,2,-1.249599632061939,8,0.25,10,0.3125,2025
663757,"Grisham, Trent",11,1.0,11,71.89635,0.0909090909090909,0.2727272727272727,0.2727272727272727,0.0909090909090909,0.0909090909090909,7.623725455,0,0.9561994587470432,0,0.0,4,0.3636363636363636,2025
672820,"Sosa, Lenyn",30,0.9090909090909092,24,71.829554333,0.1666666666666666,0.4166666666666667,0.3333333333333333,0.125,0.1,7.469403667,2,1.6982113553453235,6,0.2,14,0.4666666666666667,2025
679529,"Torkelson, Spencer",49,0.9245283018867924,39,71.805814082,0.1428571428571428,0.2307692307692307,0.1836734693877551,0.1282051282051282,0.1020408163265306,7.550462041,0,-0.2119523551549582,10,0.2040816326530612,12,0.2448979591836734,2025
647304,"Naylor, Josh",29,0.8787878787878788,24,71.793526897,0.2758620689655172,0.5833333333333334,0.4827586206896552,0.25,0.2068965517241379,7.476993103,0,-0.2661861710414026,5,0.1724137931034483,19,0.6551724137931034,2025
664040,"Lowe, Brandon",52,0.9285714285714286,32,71.785090385,0.1923076923076923,0.40625,0.25,0.1875,0.1153846153846153,7.253996154,3,-1.4287265568928864,20,0.3846153846153846,16,0.3076923076923077,2025
502054,"Pham, Tommy",37,0.8809523809523809,30,71.785057838,0.2702702702702703,0.2666666666666666,0.2162162162162162,0.1,0.081081081081081,6.877442973,1,-2.7632113328278605,7,0.1891891891891892,13,0.3513513513513513,2025
680777,"Jeffers, Ryan",29,0.90625,24,71.768872414,0.1379310344827586,0.2916666666666667,0.2413793103448276,0.1666666666666666,0.1379310344827586,7.356855517,0,-1.0167095674272195,5,0.1724137931034483,13,0.4482758620689655,2025
656537,"Hill, Derek",45,0.9183673469387756,28,71.738488222,0.2222222222222222,0.1428571428571428,0.0888888888888888,0.1071428571428571,0.0666666666666666,7.236470889,3,-0.4265210905182136,17,0.3777777777777777,9,0.2,2025
663993,"Lowe, Nathaniel",55,0.9016393442622952,37,71.738110545,0.2181818181818182,0.1891891891891892,0.1272727272727272,0.1351351351351351,0.0909090909090909,7.140187273,2,2.069458587747615,18,0.3272727272727272,10,0.1818181818181818,2025
665161,"Peña, Jeremy",36,0.9,29,71.734793889,0.1111111111111111,0.3448275862068966,0.2777777777777778,0.1724137931034483,0.1388888888888889,7.351287222,0,-2.386695474893477,7,0.1944444444444444,14,0.3888888888888889,2025
677649,"Duran, Ezequiel",24,0.8888888888888888,17,71.726342917,0.125,0.0588235294117647,0.0416666666666666,0.0588235294117647,0.0416666666666666,7.59875875,0,-2.24233310031026,7,0.2916666666666667,6,0.25,2025
606192,"Hernández, Teoscar",71,0.9342105263157896,45,71.708112676,0.2253521126760563,0.2,0.1267605633802817,0.1333333333333333,0.0845070422535211,7.958661408,1,-2.235019035878678,26,0.3661971830985915,19,0.2676056338028169,2025
641584,"Fraley, Jake",29,0.90625,21,71.638636207,0.1034482758620689,0.1904761904761904,0.1379310344827586,0.0476190476190476,0.0344827586206896,7.000751379,0,-1.9593109224672465,8,0.2758620689655172,11,0.3793103448275862,2025
678246,"Vargas, Miguel",44,0.9361702127659576,37,71.631472045,0.1818181818181818,0.3243243243243243,0.2727272727272727,0.1081081081081081,0.0909090909090909,7.442694318,2,-1.821645337259088,7,0.1590909090909091,14,0.3181818181818182,2025
608324,"Bregman, Alex",37,0.902439024390244,32,71.629490811,0.0810810810810811,0.53125,0.4594594594594595,0.28125,0.2432432432432432,7.024977568,1,-2.1502033978401265,5,0.1351351351351351,19,0.5135135135135135,2025
673237,"Diaz, Yainer",28,0.9032258064516128,20,71.621248214,0.1428571428571428,0.4,0.2857142857142857,0.25,0.1785714285714285,7.5383225,0,-3.8206871964060376,8,0.2857142857142857,13,0.4642857142857143,2025
608070,"Ramírez, José",36,0.9230769230769232,28,71.594096389,0.1944444444444444,0.3571428571428571,0.2777777777777778,0.0714285714285714,0.0555555555555555,7.207406667,0,-0.3794387417081814,8,0.2222222222222222,13,0.3611111111111111,2025
641355,"Bellinger, Cody",44,0.8979591836734694,35,71.586222955,0.0909090909090909,0.2571428571428571,0.2045454545454545,0.1714285714285714,0.1363636363636363,7.864233636,2,-1.3558669477051664,9,0.2045454545454545,14,0.3181818181818182,2025
553869,"Díaz, Elias",21,0.9130434782608696,14,71.584270952,0.2380952380952381,0.4285714285714285,0.2857142857142857,0.1428571428571428,0.0952380952380952,7.067532857,1,-1.255100662706007,7,0.3333333333333333,9,0.4285714285714285,2025
667472,"Myers, Dane",28,0.9032258064516128,22,71.550818214,0.2857142857142857,0.3181818181818182,0.25,0.0454545454545454,0.0357142857142857,7.290920714,1,1.481386481800498,6,0.2142857142857142,12,0.4285714285714285,2025
681481,"Carpenter, Kerry",35,0.9210526315789472,26,71.546576857,0.2285714285714286,0.4615384615384615,0.3428571428571428,0.1538461538461538,0.1142857142857142,7.274757429,1,-1.614788841657793,9,0.2571428571428571,14,0.4,2025
665155,"Maton, Nick",24,0.9230769230769232,18,71.5396975,0.1666666666666666,0.3888888888888889,0.2916666666666667,0.1666666666666666,0.125,6.550009167,1,-0.7981281473403549,6,0.25,11,0.4583333333333333,2025
467793,"Santana, Carlos",37,0.925,31,71.471365135,0.1891891891891892,0.3548387096774194,0.2972972972972973,0.1612903225806451,0.1351351351351351,7.455707838,0,-1.2583506009398848,6,0.1621621621621621,16,0.4324324324324324,2025
678882,"Rafaela, Ceddanne",38,0.9047619047619048,27,71.468790263,0.1578947368421052,0.3333333333333333,0.2368421052631578,0.1481481481481481,0.1052631578947368,7.563468421,0,-2.865314369784129,11,0.2894736842105263,14,0.3684210526315789,2025
676801,"McCormick, Chas",16,0.9411764705882352,11,71.4495725,0.0625,0.0,0.0,0.0,0.0,7.5514725,0,-0.6429594852622602,5,0.3125,4,0.25,2025
672580,"Garcia, Maikel",26,0.9629629629629628,21,71.391223462,0.1538461538461538,0.4285714285714285,0.3461538461538461,0.238095238095238,0.1923076923076923,7.190095385,1,2.4822040541332138,5,0.1923076923076923,14,0.5384615384615384,2025
668901,"Vientos, Mark",47,0.903846153846154,32,71.389474468,0.0851063829787233,0.375,0.2553191489361702,0.125,0.0851063829787234,7.701144894,1,-4.078555464069073,15,0.3191489361702128,19,0.4042553191489361,2025
623993,"Santander, Anthony",51,0.9107142857142856,37,71.387335882,0.1568627450980392,0.3513513513513513,0.2549019607843137,0.1081081081081081,0.0784313725490196,7.216094118,0,-2.0543127985193825,14,0.2745098039215686,18,0.3529411764705882,2025
664913,"Brown, Seth",18,0.9473684210526316,16,71.347393333,0.0555555555555555,0.125,0.1111111111111111,0.0,0.0,7.370598333,0,-1.8800221430680824,2,0.1111111111111111,6,0.3333333333333333,2025
676572,"Wagaman, Eric",29,0.8787878787878788,26,71.33702,0.3103448275862069,0.3846153846153846,0.3448275862068966,0.1538461538461538,0.1379310344827586,7.157417586,5,-1.6296335080597468,3,0.1034482758620689,17,0.5862068965517241,2025
656976,"Smith, Pavin",13,0.8125,7,71.289720769,0.5384615384615385,0.4285714285714285,0.2307692307692307,0.4285714285714285,0.2307692307692307,7.693395385,2,0.7904367493436169,6,0.4615384615384615,3,0.2307692307692307,2025
596115,"Story, Trevor",46,0.9019607843137256,34,71.280492609,0.1304347826086956,0.1470588235294117,0.108695652173913,0.0588235294117647,0.0434782608695652,7.174815,1,-0.3776995422084988,12,0.2608695652173913,10,0.217391304347826,2025
608348,"Kelly, Carson",29,0.9666666666666668,24,71.260797241,0.2068965517241379,0.3333333333333333,0.2758620689655172,0.125,0.1034482758620689,7.167057931,0,0.801417501269969,5,0.1724137931034483,9,0.3103448275862069,2025
666310,"Naylor, Bo",35,0.9210526315789472,26,71.214882857,0.1428571428571428,0.2692307692307692,0.2,0.0384615384615384,0.0285714285714285,7.832596,1,-3.016787772786447,9,0.2571428571428571,10,0.2857142857142857,2025
622534,"Margot, Manuel",27,0.9,17,71.195395185,0.1481481481481481,0.1764705882352941,0.1111111111111111,0.0,0.0,6.975490741,0,-0.7759688084095746,10,0.3703703703703703,7,0.2592592592592592,2025
693307,"Dingler, Dillon",19,0.95,17,71.14767,0.2631578947368421,0.2941176470588235,0.2631578947368421,0.0588235294117647,0.0526315789473684,7.515092105,1,3.364426687395084,2,0.1052631578947368,9,0.4736842105263157,2025
669242,"Edman, Tommy",46,0.9583333333333334,37,71.134189565,0.1304347826086956,0.4324324324324324,0.3478260869565217,0.2162162162162162,0.1739130434782608,7.169645435,0,3.340580455981176,9,0.1956521739130435,24,0.5217391304347826,2025
683011,"Volpe, Anthony",36,0.9473684210526316,28,71.117732778,0.1666666666666666,0.2857142857142857,0.2222222222222222,0.1428571428571428,0.1111111111111111,7.261441111,0,2.2423287587283163,8,0.2222222222222222,14,0.3888888888888889,2025
664774,"Wade Jr., LaMonte",32,0.8888888888888888,27,71.116218125,0.09375,0.3333333333333333,0.28125,0.1111111111111111,0.09375,7.052047188,1,-2.4202505565386594,5,0.15625,13,0.40625,2025
676059,"Westburg, Jordan",35,0.8974358974358975,29,71.100502286,0.1714285714285714,0.2758620689655172,0.2285714285714285,0.1724137931034483,0.1428571428571428,6.553704857,2,2.447460928274209,6,0.1714285714285714,14,0.4,2025
596019,"Lindor, Francisco",40,0.9302325581395348,32,71.08657775,0.25,0.34375,0.275,0.0625,0.05,7.57108925,2,-4.493616691721243,8,0.2,15,0.375,2025
646240,"Devers, Rafael",64,0.9014084507042254,30,71.036354375,0.15625,0.1666666666666666,0.078125,0.0666666666666666,0.03125,7.318038281,2,-4.7511464281890685,34,0.53125,7,0.109375,2025
621020,"Swanson, Dansby",57,0.890625,44,71.014587018,0.087719298245614,0.4090909090909091,0.3157894736842105,0.1818181818181818,0.1403508771929824,7.452052632,2,-1.869802475158803,13,0.2280701754385964,26,0.4561403508771929,2025
672640,"Lopez, Otto",45,0.9,37,70.985112,0.1111111111111111,0.3783783783783784,0.3111111111111111,0.1621621621621621,0.1333333333333333,6.613459333,0,0.1229671674927478,8,0.1777777777777777,23,0.5111111111111111,2025
650859,"Rengifo, Luis",41,0.9111111111111112,31,70.978594878,0.0975609756097561,0.3548387096774194,0.2682926829268293,0.064516129032258,0.048780487804878,7.219363659,0,-2.1194894748339346,10,0.2439024390243902,16,0.3902439024390244,2025
605137,"Bell, Josh",49,0.8909090909090909,31,70.958928571,0.1836734693877551,0.1290322580645161,0.0816326530612244,0.064516129032258,0.0408163265306122,8.042380816,0,-3.0329328278398817,18,0.3673469387755102,13,0.2653061224489796,2025
668709,"Bleday, JJ",41,0.9318181818181818,36,70.95856878,0.073170731707317,0.3333333333333333,0.2926829268292683,0.1666666666666666,0.1463414634146341,7.399051707,0,-3.5720314138954907,5,0.1219512195121951,20,0.4878048780487805,2025
641487,"Crawford, J.P.",39,0.9069767441860463,28,70.942512821,0.1025641025641025,0.1785714285714285,0.1282051282051282,0.1428571428571428,0.1025641025641025,7.175798718,0,-3.3684624082167933,11,0.282051282051282,12,0.3076923076923077,2025
666149,"Fitzgerald, Tyler",37,0.9487179487179488,26,70.924506216,0.027027027027027,0.3461538461538461,0.2432432432432432,0.0769230769230769,0.054054054054054,7.319517027,0,-1.938537697987409,11,0.2972972972972973,10,0.2702702702702703,2025
672515,"Moreno, Gabriel",33,0.8918918918918919,27,70.89613697,0.1818181818181818,0.3333333333333333,0.2727272727272727,0.037037037037037,0.0303030303030303,7.136517879,0,-0.2906210059548447,6,0.1818181818181818,9,0.2727272727272727,2025
666018,"Aranda, Jonathan",31,0.8857142857142857,23,70.886440968,0.2258064516129032,0.3478260869565217,0.2580645161290322,0.2608695652173913,0.1935483870967742,7.354164839,2,1.1040202332312268,8,0.2580645161290322,9,0.2903225806451613,2025
702176,"Roden, Alan",26,0.8666666666666667,22,70.882323462,0.0769230769230769,0.3636363636363636,0.3076923076923077,0.2272727272727272,0.1923076923076923,7.165408846,1,-1.765409853713873,4,0.1538461538461538,15,0.5769230769230769,2025
666158,"Lux, Gavin",33,0.8918918918918919,27,70.880077273,0.0606060606060606,0.4814814814814814,0.3939393939393939,0.2222222222222222,0.1818181818181818,7.563942727,0,-2.5541959301854846,6,0.1818181818181818,15,0.4545454545454545,2025
592178,"Bryant, Kris",34,0.8717948717948718,19,70.829335294,0.088235294117647,0.3157894736842105,0.1764705882352941,0.0,0.0,7.822874118,0,-2.9253451551298024,15,0.4411764705882353,8,0.2352941176470588,2025
641680,"Heim, Jonah",25,0.8928571428571429,21,70.81097,0.04,0.5714285714285714,0.48,0.2857142857142857,0.24,7.2851576,2,0.9841870120608056,4,0.16,13,0.52,2025
657557,"DeJong, Paul",49,0.9074074074074074,32,70.75215,0.1428571428571428,0.15625,0.1020408163265306,0.0625,0.0408163265306122,6.437563878,1,-1.4677805816044098,17,0.3469387755102041,7,0.1428571428571428,2025
571970,"Muncy, Max",51,0.8793103448275862,36,70.749045882,0.1764705882352941,0.1388888888888889,0.0980392156862745,0.0555555555555555,0.0392156862745098,7.137329804,2,-5.0939215519628185,15,0.2941176470588235,11,0.2156862745098039,2025
672275,"Bailey, Patrick",27,0.9310344827586208,13,70.670518148,0.037037037037037,0.3846153846153846,0.1851851851851851,0.0769230769230769,0.037037037037037,7.375028889,0,-2.65218002915878,14,0.5185185185185185,7,0.2592592592592592,2025
641658,"Hampson, Garrett",2,0.6666666666666666,2,70.647795,0.0,0.5,0.5,0.0,0.0,6.87324,0,-0.2148594914235637,0,0.0,1,0.5,2025
643217,"Benintendi, Andrew",38,0.8837209302325582,29,70.634349474,0.0789473684210526,0.2758620689655172,0.2105263157894736,0.1379310344827586,0.1052631578947368,7.068324737,0,0.2853066764566594,9,0.2368421052631578,12,0.3157894736842105,2025
656775,"Mullins, Cedric",48,0.9411764705882352,38,70.63088875,0.0833333333333333,0.3157894736842105,0.25,0.1842105263157894,0.1458333333333333,7.56362125,2,1.397396729598504,10,0.2083333333333333,18,0.375,2025
573262,"Yastrzemski, Mike",30,0.9090909090909092,21,70.569297333,0.0666666666666666,0.1428571428571428,0.1,0.0952380952380952,0.0666666666666666,7.443002,0,-1.35408416814002,9,0.3,8,0.2666666666666666,2025
656555,"Hoskins, Rhys",31,0.8857142857142857,21,70.493140968,0.1290322580645161,0.3809523809523809,0.2580645161290322,0.1428571428571428,0.0967741935483871,8.355129032,0,-2.441989127442825,10,0.3225806451612903,10,0.3225806451612903,2025
683734,"Vaughn, Andrew",31,0.8857142857142857,23,70.48348871,0.0967741935483871,0.4782608695652174,0.3548387096774194,0.1739130434782608,0.1290322580645161,7.52005871,1,-2.2210232582548706,8,0.2580645161290322,14,0.4516129032258064,2025
664728,"Isbel, Kyle",25,0.8928571428571429,21,70.4811604,0.0,0.1428571428571428,0.12,0.0476190476190476,0.04,7.059736,1,-1.868058833569879,4,0.16,9,0.36,2025
686681,"Massey, Michael",41,0.9111111111111112,36,70.477491951,0.024390243902439,0.3055555555555556,0.2682926829268293,0.0555555555555555,0.048780487804878,7.121712683,0,-0.6226775644106834,5,0.1219512195121951,18,0.4390243902439024,2025
663647,"Hayes, Ke'Bryan",38,0.9047619047619048,32,70.373658421,0.1052631578947368,0.46875,0.3947368421052631,0.28125,0.2368421052631578,6.658303947,0,-2.2992716551363435,6,0.1578947368421052,22,0.5789473684210527,2025
666182,"Bichette, Bo",51,0.8947368421052632,44,70.367584706,0.2352941176470588,0.3181818181818182,0.2745098039215686,0.1363636363636363,0.1176470588235294,7.226182353,2,-1.5006304508091135,7,0.1372549019607843,22,0.4313725490196078,2025
677587,"Rocchio, Brayan",34,0.8717948717948718,25,70.366040294,0.088235294117647,0.28,0.2058823529411764,0.12,0.088235294117647,7.290164118,1,-2.106324829664508,9,0.2647058823529412,10,0.2941176470588235,2025
670623,"Paredes, Isaac",39,0.9069767441860463,31,70.351308462,0.0769230769230769,0.3225806451612903,0.2564102564102564,0.1612903225806451,0.1282051282051282,8.200644615,0,-2.1927179869058886,8,0.2051282051282051,12,0.3076923076923077,2025
669208,"Bliss, Ryan",29,0.8787878787878788,16,70.350225517,0.0689655172413793,0.5625,0.3103448275862069,0.1875,0.1034482758620689,6.741821379,1,-3.359691498024569,13,0.4482758620689655,11,0.3793103448275862,2025
680574,"McLain, Matt",36,0.9,24,70.268984722,0.0833333333333333,0.5,0.3333333333333333,0.2916666666666667,0.1944444444444444,7.152802222,1,3.444793065286048,12,0.3333333333333333,14,0.3888888888888889,2025
665750,"Taveras, Leody",31,0.8857142857142857,23,70.250129355,0.1612903225806451,0.1739130434782608,0.1290322580645161,0.0434782608695652,0.032258064516129,7.28909871,0,-2.067207501921198,8,0.2580645161290322,10,0.3225806451612903,2025
681082,"Stott, Bryson",28,0.9032258064516128,20,70.230366071,0.0714285714285714,0.15,0.1071428571428571,0.1,0.0714285714285714,7.243259643,1,-0.6870676948647328,8,0.2857142857142857,11,0.3928571428571428,2025
686668,"Doyle, Brenton",37,0.8809523809523809,28,70.126687297,0.027027027027027,0.2142857142857142,0.1621621621621621,0.0714285714285714,0.054054054054054,7.311821081,1,-1.298565654530886,9,0.2432432432432432,14,0.3783783783783784,2025
677950,"Thomas, Alek",11,0.7857142857142857,7,70.101019091,0.0909090909090909,0.8571428571428571,0.5454545454545454,0.4285714285714285,0.2727272727272727,7.17128,0,1.3216319969531756,4,0.3636363636363636,7,0.6363636363636364,2025
670770,"Friedl, TJ",31,0.8857142857142857,26,70.001323871,0.032258064516129,0.3846153846153846,0.3225806451612903,0.1538461538461538,0.1290322580645161,6.707725161,0,-1.1379808802844469,5,0.1612903225806451,16,0.5161290322580645,2025
571771,"Hernández, Enrique",50,0.8928571428571429,36,69.981561,0.04,0.1666666666666666,0.12,0.0833333333333333,0.06,7.607377,2,-2.276600661123957,14,0.28,14,0.28,2025
702616,"Holliday, Jackson",30,0.9090909090909092,23,69.950959333,0.1333333333333333,0.2608695652173913,0.2,0.0869565217391304,0.0666666666666666,6.556735667,1,1.2119667604905144,7,0.2333333333333333,10,0.3333333333333333,2025
683737,"Busch, Michael",40,0.9090909090909092,27,69.93467775,0.125,0.3703703703703703,0.25,0.1481481481481481,0.1,7.22284925,1,-0.4318461192576759,13,0.325,16,0.4,2025
668939,"Rutschman, Adley",30,0.9090909090909092,26,69.898618333,0.0666666666666666,0.4615384615384615,0.4,0.0769230769230769,0.0666666666666666,6.750899,1,-0.4253204884123915,4,0.1333333333333333,16,0.5333333333333333,2025
630105,"Cronenworth, Jake",38,0.9047619047619048,27,69.852910526,0.0263157894736842,0.3703703703703703,0.2631578947368421,0.1481481481481481,0.1052631578947368,7.348480526,1,-0.8404337031043745,11,0.2894736842105263,12,0.3157894736842105,2025
592206,"Castellanos, Nick",39,0.951219512195122,31,69.84115,0.1282051282051282,0.2903225806451613,0.2307692307692307,0.1290322580645161,0.1025641025641025,7.646895385,0,0.247858158321762,8,0.2051282051282051,14,0.358974358974359,2025
669234,"Malloy, Justyn-Henry",15,0.8333333333333334,11,69.806618,0.0,0.1818181818181818,0.1333333333333333,0.0909090909090909,0.0666666666666666,6.926858667,0,0.239338115755175,4,0.2666666666666666,5,0.3333333333333333,2025
600869,"Candelario, Jeimer",39,0.8863636363636364,25,69.800002051,0.0512820512820512,0.32,0.2051282051282051,0.08,0.0512820512820512,8.123159231,1,-2.2251764780325187,14,0.358974358974359,13,0.3333333333333333,2025
676356,"DeLuca, Jonny",27,0.9,23,69.67699037,0.037037037037037,0.3043478260869565,0.2592592592592592,0.0434782608695652,0.037037037037037,7.564193704,0,2.006448966728191,4,0.1481481481481481,14,0.5185185185185185,2025
668930,"Turang, Brice",49,0.9074074074074074,39,69.591239592,0.163265306122449,0.358974358974359,0.2857142857142857,0.1282051282051282,0.1020408163265306,6.72413551,3,-0.1506827829905219,10,0.2040816326530612,17,0.3469387755102041,2025
665926,"Giménez, Andrés",46,0.9019607843137256,37,69.540454783,0.108695652173913,0.3513513513513513,0.2826086956521739,0.1621621621621621,0.1304347826086956,7.005923478,0,1.5253860243930286,9,0.1956521739130435,17,0.3695652173913043,2025
514888,"Altuve, Jose",41,0.9111111111111112,33,69.45830439,0.073170731707317,0.2727272727272727,0.2195121951219512,0.0303030303030303,0.024390243902439,7.537260488,1,1.4121936606967131,8,0.1951219512195122,16,0.3902439024390244,2025
593871,"Polanco, Jorge",28,0.9032258064516128,23,69.423359643,0.0357142857142857,0.3043478260869565,0.25,0.1304347826086956,0.1071428571428571,7.238802143,1,1.9175940529364752,5,0.1785714285714285,10,0.3571428571428571,2025
622569,"Reyes, Pablo",10,1.0,9,69.374854,0.1,0.2222222222222222,0.2,0.0,0.0,7.330472,0,-1.5478535697017706,1,0.1,6,0.6,2025
669257,"Smith, Will",35,0.8974358974358975,25,69.335643714,0.0571428571428571,0.4,0.2857142857142857,0.08,0.0571428571428571,7.079118,3,3.040161588483019,10,0.2857142857142857,14,0.4,2025
605361,"Martini, Nick",26,0.8666666666666667,20,69.27385,0.0384615384615384,0.3,0.2307692307692307,0.15,0.1153846153846153,6.394318462,1,-0.2609275763331565,6,0.2307692307692307,9,0.3461538461538461,2025
609280,"Andujar, Miguel",34,0.9444444444444444,27,69.131133235,0.0,0.3703703703703703,0.2941176470588235,0.2222222222222222,0.1764705882352941,7.456245882,1,-1.3285503724722216,7,0.2058823529411764,13,0.3823529411764705,2025
694384,"Schanuel, Nolan",44,0.9166666666666666,38,69.075381136,0.0681818181818181,0.3421052631578947,0.2954545454545454,0.1052631578947368,0.0909090909090909,6.85195,1,0.207646859557414,6,0.1363636363636363,17,0.3863636363636363,2025
518692,"Freeman, Freddie",21,0.9545454545454546,15,68.980717619,0.0952380952380952,0.7333333333333333,0.5238095238095238,0.2666666666666666,0.1904761904761904,7.054843333,0,2.6718838016139634,6,0.2857142857142857,11,0.5238095238095238,2025
570482,"Urshela, Gio",30,0.9090909090909092,21,68.912430333,0.0333333333333333,0.3809523809523809,0.2666666666666666,0.1428571428571428,0.1,7.044827,0,-2.54578821408868,9,0.3,12,0.4,2025
621493,"Ward, Taylor",38,0.926829268292683,33,68.878535,0.0526315789473684,0.3939393939393939,0.3421052631578947,0.1818181818181818,0.1578947368421052,7.077316316,0,-0.1818239252227086,5,0.131578947368421,18,0.4736842105263157,2025
807713,"Shaw, Matt",57,0.9047619047619048,36,68.827525614,0.1228070175438596,0.25,0.1578947368421052,0.0277777777777777,0.0175438596491228,6.859385263,1,-1.4827897478712313,21,0.3684210526315789,19,0.3333333333333333,2025
695238,"Wagner, Will",25,0.8928571428571429,19,68.7623812,0.0,0.5263157894736842,0.4,0.2105263157894736,0.16,6.3823732,0,0.9595901793800088,6,0.24,13,0.52,2025
666023,"Fermin, Freddy",23,0.8846153846153846,19,68.756462174,0.0434782608695652,0.3157894736842105,0.2608695652173913,0.0,0.0,7.356310435,2,-2.8164424972819893,4,0.1739130434782608,8,0.3478260869565217,2025
543760,"Semien, Marcus",47,0.8703703703703703,35,68.603867021,0.0851063829787234,0.2857142857142857,0.2127659574468085,0.0285714285714285,0.0212765957446808,7.819185532,2,-4.779865782759834,12,0.2553191489361702,16,0.3404255319148936,2025
808982,"Lee, Jung Hoo",34,0.8947368421052632,29,68.578693824,0.0588235294117647,0.2758620689655172,0.2352941176470588,0.1034482758620689,0.088235294117647,7.565672941,0,-0.9568841718182646,5,0.1470588235294117,12,0.3529411764705882,2025
607732,"Stallings, Jacob",6,0.8571428571428571,5,68.56328,0.0,0.6,0.5,0.0,0.0,7.135401667,1,-0.8952356571508173,1,0.1666666666666666,3,0.5,2025
670764,"Walls, Taylor",31,0.9117647058823528,22,68.426942581,0.032258064516129,0.3636363636363636,0.2580645161290322,0.1363636363636363,0.0967741935483871,7.306311613,0,-1.9701649271119264,9,0.2903225806451613,10,0.3225806451612903,2025
641313,"Anderson, Tim",21,0.9130434782608696,15,68.413981905,0.0,0.2,0.1428571428571428,0.0,0.0,6.832712381,1,-2.085096030532531,6,0.2857142857142857,6,0.2857142857142857,2025
686217,"Frelick, Sal",36,0.8780487804878049,30,68.413646389,0.0833333333333333,0.2333333333333333,0.1944444444444444,0.0333333333333333,0.0277777777777777,6.830240556,1,-1.2406768247757147,6,0.1666666666666666,14,0.3888888888888889,2025
595777,"Profar, Jurickson",42,0.8936170212765957,37,68.195275952,0.0476190476190476,0.1891891891891892,0.1666666666666666,0.054054054054054,0.0476190476190476,7.018680714,1,-1.2897225533897805,5,0.119047619047619,11,0.2619047619047619,2025
680977,"Donovan, Brendan",39,0.9069767441860463,33,68.164542564,0.0256410256410256,0.3939393939393939,0.3333333333333333,0.2727272727272727,0.2307692307692307,6.73024,0,-2.0984113506794944,6,0.1538461538461538,20,0.5128205128205128,2025
690993,"Keith, Colt",36,0.8780487804878049,23,68.110578889,0.0277777777777777,0.1304347826086956,0.0833333333333333,0.0434782608695652,0.0277777777777777,6.459316667,1,-1.677870787563876,13,0.3611111111111111,9,0.25,2025
605141,"Betts, Mookie",33,0.868421052631579,28,68.035955758,0.0909090909090909,0.3571428571428571,0.303030303030303,0.0714285714285714,0.0606060606060606,7.195670606,1,1.8911960379652009,5,0.1515151515151515,16,0.4848484848484848,2025
681146,"Bride, Jonah",36,0.8780487804878049,31,68.010110556,0.0,0.2903225806451613,0.25,0.032258064516129,0.0277777777777777,7.206741389,2,-3.1867613537980564,5,0.1388888888888889,16,0.4444444444444444,2025
650402,"Torres, Gleyber",16,0.9411764705882352,12,68.0001875,0.0625,0.5,0.375,0.1666666666666666,0.125,7.364759375,0,0.7516089025068956,4,0.25,7,0.4375,2025
664034,"France, Ty",48,0.9056603773584906,40,67.965808958,0.0625,0.3,0.25,0.15,0.125,7.284299792,2,-1.7871986553157202,8,0.1666666666666666,18,0.375,2025
687363,"Scott II, Victor",40,0.9090909090909092,31,67.945019,0.025,0.2903225806451613,0.225,0.064516129032258,0.05,6.364239,0,-0.8108151722084287,9,0.225,15,0.375,2025
681962,"Capra, Vinny",30,0.9375,23,67.917889667,0.0,0.391304347826087,0.3,0.0869565217391304,0.0666666666666666,7.284637,1,-0.9959249442505718,7,0.2333333333333333,14,0.4666666666666667,2025
665828,"Cabrera, Oswaldo",20,0.9090909090909092,13,67.888378,0.0,0.4615384615384615,0.3,0.0769230769230769,0.05,7.412797,0,0.0591349938972292,7,0.35,8,0.4,2025
621028,"Newman, Kevin",14,0.875,14,67.741015714,0.0714285714285714,0.2857142857142857,0.2857142857142857,0.1428571428571428,0.1428571428571428,6.254674286,1,-1.6976371863148958,0,0.0,7,0.5,2025
624415,"Biggio, Cavan",17,0.85,15,67.69958,0.0,0.6666666666666666,0.5882352941176471,0.0666666666666666,0.0588235294117647,6.892081176,1,-0.3446429455516118,2,0.1176470588235294,10,0.5882352941176471,2025
628451,"Ibáñez, Andy",19,0.8636363636363636,17,67.647583158,0.0,0.2941176470588235,0.2631578947368421,0.0,0.0,7.033514211,1,-2.3742937611026527,2,0.1052631578947368,8,0.4210526315789473,2025
672695,"Perdomo, Geraldo",26,0.9285714285714286,24,67.531163462,0.0384615384615384,0.75,0.6923076923076923,0.125,0.1153846153846153,6.550953077,1,1.157482600071533,2,0.0769230769230769,19,0.7307692307692307,2025
645277,"Albies, Ozzie",45,0.9,36,67.355593556,0.0222222222222222,0.4722222222222222,0.3777777777777777,0.0833333333333333,0.0666666666666666,7.127706889,3,-1.810052415755818,9,0.2,21,0.4666666666666667,2025
645302,"Robles, Victor",55,0.9016393442622952,44,67.295966364,0.0,0.2954545454545454,0.2363636363636363,0.0681818181818181,0.0545454545454545,6.717413091,1,-1.675597434684637,11,0.2,22,0.4,2025
664983,"McCarthy, Jake",24,0.8888888888888888,18,67.171000417,0.0,0.3333333333333333,0.25,0.0,0.0,6.945651667,0,-3.7405762570550936,6,0.25,10,0.4166666666666667,2025
624428,"Frazier, Adam",31,0.9393939393939394,26,66.936819677,0.0,0.5,0.4193548387096774,0.0384615384615384,0.032258064516129,7.001954194,0,-1.0173316186806964,5,0.1612903225806451,15,0.4838709677419355,2025
663538,"Hoerner, Nico",40,0.8888888888888888,37,66.900726,0.05,0.2702702702702703,0.25,0.027027027027027,0.025,7.07863275,3,-0.7941626003718579,3,0.075,18,0.45,2025
660688,"Ruiz, Keibert",35,0.8974358974358975,33,66.350469429,0.0,0.4242424242424242,0.4,0.1515151515151515,0.1428571428571428,6.922334571,0,3.679008070655235,2,0.0571428571428571,19,0.5428571428571428,2025
643396,"Kiner-Falefa, Isiah",37,0.8809523809523809,32,66.263022162,0.0,0.40625,0.3513513513513513,0.125,0.1081081081081081,6.906826216,0,-0.9176426838395756,5,0.1351351351351351,16,0.4324324324324324,2025
571657,"Farmer, Kyle",24,0.9230769230769232,19,66.174897083,0.0,0.3684210526315789,0.2916666666666667,0.0526315789473684,0.0416666666666666,6.713715417,0,-0.7312811640150166,5,0.2083333333333333,10,0.4166666666666667,2025
663968,"Mangum, Jake",33,0.8918918918918919,29,66.093731212,0.0606060606060606,0.2758620689655172,0.2424242424242424,0.0344827586206896,0.0303030303030303,6.240360606,0,1.1333341650095023,4,0.1212121212121212,10,0.303030303030303,2025
527038,"Flores, Wilmer",37,0.902439024390244,29,65.900111622,0.0,0.4482758620689655,0.3513513513513513,0.1379310344827586,0.1081081081081081,6.974011081,1,0.3123873787271092,8,0.2162162162162162,13,0.3513513513513513,2025
656716,"McKinstry, Zach",47,0.94,34,65.788125745,0.0,0.3823529411764705,0.2765957446808511,0.0294117647058823,0.0212765957446808,6.355967447,1,-1.5932061579599448,13,0.2765957446808511,16,0.3404255319148936,2025
500743,"Rojas, Miguel",32,0.9142857142857144,23,65.392257188,0.0,0.3043478260869565,0.21875,0.0434782608695652,0.03125,6.839461563,1,-2.77895144181723,9,0.28125,9,0.28125,2025
669364,"Edwards, Xavier",52,0.896551724137931,44,65.318015769,0.0,0.2727272727272727,0.2307692307692307,0.0227272727272727,0.0192307692307692,6.439560577,1,-1.2995450050779764,8,0.1538461538461538,21,0.4038461538461538,2025
645444,"Herrera, Jose",9,0.9,7,64.883907778,0.0,0.2857142857142857,0.2222222222222222,0.0,0.0,6.999684444,0,-1.201993743620949,2,0.2222222222222222,3,0.3333333333333333,2025
676391,"Clement, Ernie",22,0.9565217391304348,16,64.824400455,0.0,0.5625,0.4090909090909091,0.0,0.0,7.221713182,0,-1.6854109348420143,6,0.2727272727272727,11,0.5,2025
457759,"Turner, Justin",25,0.8620689655172413,22,63.8467952,0.0,0.2727272727272727,0.24,0.0454545454545454,0.04,6.2196216,0,-2.1998134319503126,3,0.12,7,0.28,2025
650333,"Arraez, Luis",43,0.8958333333333334,41,63.744069767,0.0,0.5121951219512195,0.4883720930232558,0.048780487804878,0.0465116279069767,6.106228372,0,-2.149984508797428,2,0.0465116279069767,22,0.5116279069767442,2025
680757,"Kwan, Steven",38,0.8837209302325582,34,63.707785,0.0526315789473684,0.4411764705882353,0.3947368421052631,0.0294117647058823,0.0263157894736842,6.455939211,0,2.814569864687776,4,0.1052631578947368,17,0.4473684210526316,2025
805779,"Wilson, Jacob",32,0.8888888888888888,31,63.024456563,0.0,0.4516129032258064,0.4375,0.032258064516129,0.03125,6.01177125,0,1.831912455568185,1,0.03125,19,0.59375,2025
