id,name,swings_competitive,percent_swings_competitive,contact,avg_bat_speed,hard_swing_rate,squared_up_per_bat_contact,squared_up_per_swing,blast_per_bat_contact,blast_per_swing,swing_length,swords,batter_run_value,whiffs,whiff_per_swing,batted_ball_events,batted_ball_event_per_swing,"last_name, first_name",player_id,year,pa,bip,ba,est_ba,est_ba_minus_ba_diff,slg,est_slg,est_slg_minus_slg_diff,woba,est_woba,est_woba_minus_woba_diff
691406,"Caminero, Junior",27,0.8709677419354839,25,80.339938519,1.0,0.16,0.1481481481481481,0.12,0.1111111111111111,8.263988889,1,0.7800490976318335,2,0.074074074074074,14,0.5185185185185185,"Caminero, Junior",691406,2025,19,15,0.389,0.228,0.161,0.444,0.293,0.151,0.382,0.253,0.129
665833,"Cruz, Oneil",29,0.8787878787878788,20,79.537849655,0.8965517241379309,0.35,0.2413793103448276,0.25,0.1724137931034483,7.580032069,2,-0.8848900335021446,9,0.3103448275862069,13,0.4482758620689655,"Cruz, Oneil",665833,2025,25,13,0.211,0.248,-0.037,0.368,0.458,-0.09,0.34,0.38,-0.0399999999999999
691023,"Walker, Jordan",39,1.0,28,78.451697692,0.8461538461538461,0.25,0.1794871794871795,0.1428571428571428,0.1025641025641025,7.882751026,0,1.2892614378516436,11,0.282051282051282,12,0.3076923076923077,"Walker, Jordan",691023,2025,17,12,0.429,0.311,0.118,0.643,0.574,0.069,0.504,0.433,0.071
670242,"Wallner, Matt",33,0.9428571428571428,18,77.385461818,0.8181818181818182,0.2222222222222222,0.1212121212121212,0.0555555555555555,0.0303030303030303,7.230507273,0,-0.7251443163917748,15,0.4545454545454545,7,0.2121212121212121,"Wallner, Matt",670242,2025,18,9,0.154,0.168,-0.014,0.308,0.42,-0.1119999999999999,0.332,0.369,-0.0369999999999999
670541,"Alvarez, Yordan",42,0.9333333333333332,32,76.870891905,0.7619047619047619,0.15625,0.119047619047619,0.09375,0.0714285714285714,7.773171905,0,-3.305236309458463,10,0.238095238095238,11,0.2619047619047619,"Alvarez, Yordan",670541,2025,20,11,0.063,0.15,-0.087,0.125,0.334,-0.209,0.167,0.269,-0.102
575929,"Contreras, Willson",41,0.8913043478260869,25,76.799753659,0.6829268292682927,0.16,0.0975609756097561,0.08,0.048780487804878,7.977119024,1,-5.011477095122456,16,0.3902439024390244,10,0.2439024390243902,"Contreras, Willson",575929,2025,20,11,0.0,0.144,-0.144,0.0,0.198,-0.198,0.0,0.145,-0.145
660271,"Ohtani, Shohei",40,0.8888888888888888,31,76.740358,0.65,0.4516129032258064,0.35,0.3548387096774194,0.275,8.15742875,3,2.444339381889243,9,0.225,17,0.425,"Ohtani, Shohei",660271,2025,32,19,0.28,0.303,-0.0229999999999999,0.56,0.471,0.089,0.411,0.395,0.0159999999999999
663624,"Mountcastle, Ryan",32,0.9142857142857144,22,76.73220625,0.65625,0.3636363636363636,0.25,0.2727272727272727,0.1875,7.648585938,2,-1.0315786752912408,10,0.3125,12,0.375,"Mountcastle, Ryan",663624,2025,17,12,0.25,0.225,0.0249999999999999,0.313,0.411,-0.0979999999999999,0.271,0.293,-0.0219999999999999
656941,"Schwarber, Kyle",23,0.9583333333333334,19,76.655559565,0.782608695652174,0.4210526315789473,0.3478260869565217,0.3684210526315789,0.3043478260869565,7.655448696,0,3.8294520167351824,4,0.1739130434782608,12,0.5217391304347826,"Schwarber, Kyle",656941,2025,19,12,0.353,0.349,0.004,0.882,0.867,0.015,0.536,0.528,0.008
592450,"Judge, Aaron",23,0.92,16,76.619711304,0.6956521739130435,0.5625,0.391304347826087,0.5,0.3478260869565217,8.391232609,0,4.5942922720197705,7,0.3043478260869565,10,0.4347826086956521,"Judge, Aaron",592450,2025,18,11,0.4,0.385,0.015,1.333,1.323,0.01,0.709,0.698,0.011
547180,"Harper, Bryce",31,0.9117647058823528,25,76.568174194,0.6774193548387096,0.32,0.2580645161290322,0.2,0.1612903225806451,7.411189355,0,-0.2257991274649762,6,0.1935483870967742,14,0.4516129032258064,"Harper, Bryce",547180,2025,18,14,0.294,0.286,0.008,0.471,0.589,-0.118,0.348,0.385,-0.037
624413,"Alonso, Pete",36,1.0,29,76.467256111,0.638888888888889,0.3793103448275862,0.3055555555555556,0.2413793103448276,0.1944444444444444,7.004602222,0,-3.1245438992476924,7,0.1944444444444444,15,0.4166666666666667,"Alonso, Pete",624413,2025,21,15,0.176,0.226,-0.05,0.353,0.615,-0.262,0.314,0.414,-0.0999999999999999
695578,"Wood, James",38,0.9047619047619048,29,76.437381579,0.631578947368421,0.2068965517241379,0.1578947368421052,0.2068965517241379,0.1578947368421052,7.453659737,1,-0.245647380286611,9,0.2368421052631578,8,0.2105263157894736,"Wood, James",695578,2025,21,9,0.211,0.192,0.0189999999999999,0.421,0.371,0.0499999999999999,0.307,0.28,0.0269999999999999
682998,"Carroll, Corbin",31,0.8611111111111112,19,75.837946452,0.6129032258064516,0.4210526315789473,0.2580645161290322,0.2631578947368421,0.1612903225806451,7.380353871,2,0.9910314005439668,12,0.3870967741935484,9,0.2903225806451613,"Carroll, Corbin",682998,2025,23,13,0.263,0.302,-0.0389999999999999,0.526,0.656,-0.13,0.398,0.454,-0.0559999999999999
682829,"De La Cruz, Elly",32,0.9411764705882352,21,75.823655625,0.6875,0.5238095238095238,0.34375,0.3809523809523809,0.25,7.149412813,1,1.8170870156007508,11,0.34375,16,0.5,"De La Cruz, Elly",682829,2025,21,16,0.35,0.425,-0.075,0.7,0.9,-0.2,0.455,0.562,-0.107
672356,"Arias, Gabriel",32,0.8648648648648649,18,75.822215938,0.59375,0.3333333333333333,0.1875,0.2777777777777778,0.15625,7.781636563,1,0.3282488946447044,14,0.4375,9,0.28125,"Arias, Gabriel",672356,2025,17,11,0.333,0.289,0.044,0.6,0.514,0.0859999999999999,0.392,0.348,0.044
669394,"Burger, Jake",29,0.8529411764705882,23,75.794043103,0.6551724137931034,0.3043478260869565,0.2413793103448276,0.217391304347826,0.1724137931034483,7.585247241,0,-1.8377101530463589,6,0.2068965517241379,14,0.4827586206896552,"Burger, Jake",669394,2025,22,16,0.15,0.237,-0.087,0.35,0.467,-0.117,0.254,0.335,-0.081
696100,"Goodman, Hunter",39,0.9069767441860463,29,75.792740769,0.6153846153846153,0.2068965517241379,0.1538461538461538,0.1379310344827586,0.1025641025641025,7.175675385,1,0.8155061219217695,10,0.2564102564102564,11,0.282051282051282,"Goodman, Hunter",696100,2025,16,11,0.313,0.362,-0.0489999999999999,0.625,0.731,-0.1059999999999999,0.395,0.462,-0.067
673357,"Robert Jr., Luis",38,0.9047619047619048,25,75.766368947,0.6315789473684211,0.28,0.1842105263157894,0.2,0.131578947368421,7.941625,1,-2.195587835088473,13,0.3421052631578947,12,0.3157894736842105,"Robert Jr., Luis",673357,2025,19,13,0.176,0.224,-0.048,0.235,0.401,-0.166,0.196,0.275,-0.079
656305,"Chapman, Matt",27,0.9,18,75.583648519,0.6296296296296295,0.2222222222222222,0.1481481481481481,0.1111111111111111,0.074074074074074,7.207396296,1,-0.4629537826756655,9,0.3333333333333333,11,0.4074074074074074,"Chapman, Matt",656305,2025,21,11,0.222,0.131,0.091,0.389,0.23,0.159,0.323,0.23,0.093
665052,"Conine, Griffin",26,0.896551724137931,18,75.350288846,0.5384615384615384,0.3333333333333333,0.2307692307692307,0.2777777777777778,0.1923076923076923,7.486159231,0,1.2811345572471282,8,0.3076923076923077,11,0.4230769230769231,"Conine, Griffin",665052,2025,15,13,0.2,0.244,-0.0439999999999999,0.4,0.465,-0.065,0.254,0.299,-0.0449999999999999
686469,"Pasquantino, Vinnie",26,0.896551724137931,20,75.196899615,0.6153846153846154,0.35,0.2692307692307692,0.15,0.1153846153846153,7.542585769,0,-0.4394835499382853,6,0.2307692307692307,12,0.4615384615384615,"Pasquantino, Vinnie",686469,2025,17,12,0.214,0.196,0.0179999999999999,0.643,0.474,0.169,0.394,0.33,0.064
592626,"Pederson, Joc",24,0.8888888888888888,21,75.154183333,0.5416666666666666,0.3333333333333333,0.2916666666666667,0.1428571428571428,0.125,7.669848333,0,-2.2926536848008525,3,0.125,11,0.4583333333333333,"Pederson, Joc",592626,2025,19,13,0.133,0.211,-0.0779999999999999,0.2,0.306,-0.1059999999999999,0.236,0.303,-0.067
665489,"Guerrero Jr., Vladimir",36,0.9,24,75.112296389,0.6111111111111112,0.375,0.25,0.3333333333333333,0.2222222222222222,7.502333611,1,-2.474416644938678,12,0.3333333333333333,13,0.3611111111111111,"Guerrero Jr., Vladimir",665489,2025,27,17,0.217,0.252,-0.035,0.304,0.376,-0.072,0.268,0.327,-0.059
682985,"Greene, Riley",41,0.8913043478260869,27,75.098064878,0.4878048780487805,0.1851851851851851,0.1219512195121951,0.074074074074074,0.048780487804878,7.329889512,1,-1.0567522835776222,14,0.3414634146341463,10,0.2439024390243902,"Greene, Riley",682985,2025,23,13,0.261,0.261,0.0,0.609,0.495,0.1139999999999999,0.363,0.32,0.0429999999999999
663586,"Riley, Austin",41,0.8913043478260869,25,75.047004146,0.5365853658536586,0.24,0.1463414634146341,0.16,0.0975609756097561,7.621783415,0,-1.473649572157188,16,0.3902439024390244,11,0.2682926829268293,"Riley, Austin",663586,2025,24,12,0.091,0.163,-0.072,0.273,0.333,-0.06,0.195,0.249,-0.0539999999999999
606466,"Marte, Ketel",42,0.8936170212765957,30,74.930723571,0.4761904761904762,0.3666666666666666,0.2619047619047619,0.2333333333333333,0.1666666666666666,8.11989881,0,-1.5045847929623355,12,0.2857142857142857,16,0.3809523809523809,"Marte, Ketel",606466,2025,26,18,0.273,0.296,-0.0229999999999999,0.364,0.329,0.0349999999999999,0.339,0.339,0.0
621439,"Buxton, Byron",26,0.9285714285714286,14,74.928207692,0.423076923076923,0.4285714285714285,0.2307692307692307,0.2142857142857142,0.1153846153846153,8.051826154,0,-2.8145661981034538,12,0.4615384615384615,11,0.4230769230769231,"Buxton, Byron",621439,2025,18,12,0.118,0.14,-0.022,0.118,0.24,-0.122,0.137,0.192,-0.0549999999999999
682928,"Abrams, CJ",34,0.8947368421052632,24,74.825389412,0.4411764705882353,0.2916666666666667,0.2058823529411764,0.1666666666666666,0.1176470588235294,7.803046176,0,0.917743827467964,10,0.2941176470588235,13,0.3823529411764705,"Abrams, CJ",682928,2025,22,14,0.286,0.31,-0.024,0.524,0.571,-0.0469999999999999,0.359,0.388,-0.029
686948,"Baldwin, Drake",36,0.9,29,74.810693889,0.4722222222222222,0.3448275862068966,0.2777777777777778,0.2413793103448276,0.1944444444444444,7.044126111,0,-4.518067564296779,7,0.1944444444444444,14,0.3888888888888889,"Baldwin, Drake",686948,2025,20,14,0.056,0.242,-0.186,0.056,0.614,-0.5579999999999999,0.114,0.39,-0.276
592518,"Machado, Manny",33,0.9166666666666666,24,74.810675758,0.4848484848484848,0.5,0.3636363636363636,0.2916666666666667,0.2121212121212121,7.932789091,1,-0.1042780624809047,9,0.2727272727272727,16,0.4848484848484848,"Machado, Manny",592518,2025,23,19,0.381,0.334,0.0469999999999999,0.524,0.45,0.074,0.416,0.373,0.0429999999999999
677594,"Rodríguez, Julio",40,0.9523809523809524,20,74.66903,0.4,0.4,0.2,0.2,0.1,7.77384025,1,-0.6950199902026899,20,0.5,11,0.275,"Rodríguez, Julio",677594,2025,25,11,0.211,0.181,0.03,0.474,0.413,0.061,0.385,0.358,0.027
572233,"Walker, Christian",33,0.8918918918918919,20,74.658616364,0.3333333333333333,0.45,0.2727272727272727,0.25,0.1515151515151515,7.625953636,0,-2.846151131172262,13,0.3939393939393939,10,0.303030303030303,"Walker, Christian",572233,2025,20,14,0.15,0.315,-0.165,0.15,0.39,-0.24,0.133,0.306,-0.173
592669,"Renfroe, Hunter",21,0.9130434782608696,19,74.486251905,0.3809523809523809,0.3684210526315789,0.3333333333333333,0.1052631578947368,0.0952380952380952,7.602073333,0,-1.6004396589595569,2,0.0952380952380952,12,0.5714285714285714,"Renfroe, Hunter",592669,2025,17,12,0.143,0.168,-0.025,0.214,0.235,-0.0209999999999999,0.248,0.265,-0.017
641857,"McMahon, Ryan",31,0.96875,22,74.416930968,0.4838709677419354,0.2727272727272727,0.1935483870967742,0.1363636363636363,0.0967741935483871,7.471655161,0,-2.0882806726319143,9,0.2903225806451613,8,0.2580645161290322,"McMahon, Ryan",641857,2025,16,9,0.267,0.184,0.083,0.333,0.276,0.0569999999999999,0.288,0.227,0.0609999999999999
663728,"Raleigh, Cal",40,0.9090909090909092,27,74.415378,0.475,0.2592592592592592,0.175,0.1481481481481481,0.1,7.789302,1,-2.9771718049281617,13,0.325,13,0.325,"Raleigh, Cal",663728,2025,24,14,0.1,0.162,-0.062,0.25,0.322,-0.072,0.237,0.286,-0.0489999999999999
657757,"Sheets, Gavin",25,0.8928571428571429,22,74.4022704,0.44,0.4545454545454545,0.4,0.2272727272727272,0.2,7.7937188,1,2.53857992241375,3,0.12,12,0.48,"Sheets, Gavin",657757,2025,15,12,0.5,0.384,0.1159999999999999,0.857,0.588,0.269,0.585,0.435,0.1499999999999999
665487,"Tatis Jr., Fernando",39,0.8863636363636364,30,74.362550513,0.4871794871794871,0.3333333333333333,0.2564102564102564,0.2333333333333333,0.1794871794871795,7.275708205,0,0.0940899844536658,9,0.2307692307692307,17,0.4358974358974359,"Tatis Jr., Fernando",665487,2025,27,22,0.409,0.399,0.0099999999999999,0.591,0.719,-0.128,0.454,0.523,-0.069
657136,"Wong, Connor",32,0.8888888888888888,24,74.321373438,0.40625,0.2083333333333333,0.15625,0.1666666666666666,0.125,7.47137875,1,-2.3827497242675704,8,0.25,11,0.34375,"Wong, Connor",657136,2025,17,11,0.063,0.304,-0.241,0.063,0.536,-0.473,0.093,0.379,-0.286
671218,"Ramos, Heliot",57,0.9047619047619048,48,74.321304912,0.456140350877193,0.1875,0.1578947368421052,0.1041666666666666,0.087719298245614,6.775610702,1,2.698003629960461,9,0.1578947368421052,14,0.2456140350877192,"Ramos, Heliot",671218,2025,21,14,0.286,0.234,0.0519999999999999,0.81,0.438,0.372,0.453,0.284,0.169
621566,"Olson, Matt",37,0.925,30,74.269426486,0.5135135135135136,0.3,0.2432432432432432,0.1666666666666666,0.1351351351351351,7.542288108,1,-2.829426187375593,7,0.1891891891891892,11,0.2972972972972973,"Olson, Matt",621566,2025,24,13,0.167,0.231,-0.064,0.278,0.677,-0.399,0.315,0.454,-0.139
671732,"Butler, Lawrence",38,0.9047619047619048,28,74.24485,0.4473684210526316,0.3928571428571428,0.2894736842105263,0.2142857142857142,0.1578947368421052,6.749559474,0,-2.596766239614248,10,0.2631578947368421,18,0.4736842105263157,"Butler, Lawrence",671732,2025,25,20,0.182,0.242,-0.06,0.273,0.387,-0.1139999999999999,0.254,0.32,-0.066
669065,"Stowers, Kyle",42,0.8936170212765957,28,74.152185476,0.4761904761904761,0.25,0.1666666666666666,0.25,0.1666666666666666,6.486697143,3,-0.7595830560699613,14,0.3333333333333333,10,0.238095238095238,"Stowers, Kyle",669065,2025,20,10,0.313,0.29,0.023,0.5,0.572,-0.0719999999999999,0.419,0.432,-0.013
692225,"Campbell, Kristian",31,0.8611111111111112,22,74.141970968,0.4516129032258064,0.2727272727272727,0.1935483870967742,0.1818181818181818,0.1290322580645161,6.816216452,0,1.6321339386114428,9,0.2903225806451613,10,0.3225806451612903,"Campbell, Kristian",692225,2025,20,11,0.375,0.253,0.122,0.688,0.45,0.2379999999999999,0.499,0.377,0.122
663457,"Nootbaar, Lars",37,0.902439024390244,30,74.125795676,0.4864864864864865,0.3666666666666666,0.2972972972972973,0.2333333333333333,0.1891891891891892,7.007255135,0,2.5465771749679416,7,0.1891891891891892,14,0.3783783783783784,"Nootbaar, Lars",663457,2025,25,16,0.421,0.452,-0.031,0.737,0.749,-0.012,0.543,0.557,-0.014
650490,"Díaz, Yandy",37,0.902439024390244,35,74.09225027,0.4324324324324324,0.4285714285714285,0.4054054054054054,0.2571428571428571,0.2432432432432432,7.569403243,0,-3.781370324682309,2,0.054054054054054,21,0.5675675675675675,"Díaz, Yandy",650490,2025,24,23,0.136,0.304,-0.1679999999999999,0.182,0.478,-0.296,0.155,0.364,-0.209
672284,"Kelenic, Jarred",33,0.9166666666666666,19,74.089389091,0.4242424242424242,0.2631578947368421,0.1515151515151515,0.1578947368421052,0.0909090909090909,7.471500303,0,-2.694992592878183,14,0.4242424242424242,12,0.3636363636363636,"Kelenic, Jarred",672284,2025,19,12,0.158,0.149,0.009,0.316,0.289,0.027,0.2,0.186,0.014
671213,"Casas, Triston",38,0.926829268292683,25,74.060853947,0.4473684210526316,0.08,0.0526315789473684,0.08,0.0526315789473684,8.014468947,1,-3.1815458912861296,13,0.3421052631578947,9,0.2368421052631578,"Casas, Triston",671213,2025,18,10,0.059,0.136,-0.077,0.059,0.16,-0.101,0.088,0.16,-0.072
663698,"Bart, Joey",34,0.918918918918919,21,74.026695588,0.4411764705882353,0.3333333333333333,0.2058823529411764,0.0952380952380952,0.0588235294117647,7.272970882,0,-2.697264815441401,13,0.3823529411764705,12,0.3529411764705882,"Bart, Joey",663698,2025,23,13,0.25,0.175,0.075,0.25,0.23,0.0199999999999999,0.284,0.246,0.0379999999999999
694671,"Langford, Wyatt",36,0.9473684210526316,29,73.954822778,0.5,0.4482758620689655,0.3611111111111111,0.2068965517241379,0.1666666666666666,7.208628889,0,1.3859497818261075,7,0.1944444444444444,19,0.5277777777777778,"Langford, Wyatt",694671,2025,24,20,0.304,0.269,0.0349999999999999,0.565,0.566,-0.001,0.383,0.364,0.019
700242,"Sweeney, Trey",30,0.9375,25,73.954779667,0.4333333333333333,0.28,0.2333333333333333,0.12,0.1,7.492995,0,-1.2884562229087289,5,0.1666666666666666,14,0.4666666666666667,"Sweeney, Trey",700242,2025,19,15,0.278,0.261,0.017,0.278,0.302,-0.0239999999999999,0.269,0.27,-0.001
680776,"Duran, Jarren",33,0.8918918918918919,26,73.929023939,0.3939393939393939,0.4230769230769231,0.3333333333333333,0.2692307692307692,0.2121212121212121,7.393099091,1,-0.5253960086816112,7,0.2121212121212121,17,0.5151515151515151,"Duran, Jarren",680776,2025,23,17,0.286,0.285,0.001,0.429,0.489,-0.06,0.339,0.362,-0.0229999999999999
687597,"Beck, Jordan",27,0.9642857142857144,17,73.925962963,0.4444444444444444,0.2941176470588235,0.1851851851851851,0.1764705882352941,0.1111111111111111,7.612255185,0,-1.0059368056750573,10,0.3703703703703703,7,0.2592592592592592,"Beck, Jordan",687597,2025,14,8,0.167,0.143,0.024,0.167,0.187,-0.0199999999999999,0.226,0.22,0.006
542303,"Ozuna, Marcell",29,0.90625,19,73.893973793,0.4827586206896552,0.2105263157894736,0.1379310344827586,0.0526315789473684,0.0344827586206896,7.304732414,1,-2.7803863523950207,10,0.3448275862068966,5,0.1724137931034483,"Ozuna, Marcell",542303,2025,24,7,0.214,0.163,0.0509999999999999,0.214,0.202,0.0119999999999999,0.4,0.381,0.019
669261,"Suwinski, Jack",25,0.8928571428571429,19,73.8155168,0.32,0.2631578947368421,0.2,0.1578947368421052,0.12,7.2707768,1,-1.8329171870086705,6,0.24,9,0.36,"Suwinski, Jack",669261,2025,17,9,0.133,0.28,-0.147,0.2,0.547,-0.347,0.177,0.37,-0.193
664761,"Bohm, Alec",28,0.9032258064516128,24,73.815252143,0.4285714285714286,0.5416666666666666,0.4642857142857143,0.4583333333333333,0.3928571428571428,7.52388,1,-1.17427056716871,4,0.1428571428571428,15,0.5357142857142857,"Bohm, Alec",664761,2025,20,16,0.263,0.372,-0.1089999999999999,0.316,0.66,-0.344,0.274,0.452,-0.178
691176,"Domínguez, Jasson",23,0.8846153846153846,18,73.803726522,0.3043478260869565,0.2222222222222222,0.1739130434782608,0.1111111111111111,0.0869565217391304,7.996986087,0,-0.0475318394231727,5,0.217391304347826,9,0.391304347826087,"Domínguez, Jasson",691176,2025,14,9,0.273,0.238,0.035,0.545,0.379,0.166,0.421,0.355,0.066
700250,"Rice, Ben",16,0.9411764705882352,14,73.749005,0.3125,0.4285714285714285,0.375,0.4285714285714285,0.375,7.343579375,0,5.448850462386144,2,0.125,8,0.5,"Rice, Ben",700250,2025,11,8,0.5,0.455,0.0449999999999999,1.2,1.29,-0.09,0.708,0.719,-0.011
669224,"Wells, Austin",30,0.8571428571428571,20,73.747646333,0.3333333333333333,0.25,0.1666666666666666,0.15,0.1,7.703701333,0,0.7916438980762928,10,0.3333333333333333,8,0.2666666666666666,"Wells, Austin",669224,2025,16,10,0.154,0.145,0.009,0.615,0.357,0.258,0.385,0.3,0.085
669004,"Melendez, MJ",26,0.896551724137931,15,73.734713846,0.3076923076923076,0.2,0.1153846153846153,0.0,0.0,7.816415769,2,-2.5972534581304947,11,0.4230769230769231,7,0.2692307692307692,"Melendez, MJ",669004,2025,15,7,0.077,0.097,-0.02,0.077,0.126,-0.049,0.154,0.179,-0.0249999999999999
665862,"Chisholm Jr., Jazz",36,0.9,22,73.58097,0.3333333333333333,0.3181818181818182,0.1944444444444444,0.1818181818181818,0.1111111111111111,7.728027222,0,2.836541956713861,14,0.3888888888888889,8,0.2222222222222222,"Chisholm Jr., Jazz",665862,2025,18,8,0.313,0.232,0.0809999999999999,0.875,0.65,0.2249999999999999,0.517,0.402,0.1149999999999999
681297,"Cowser, Colton",29,0.90625,16,73.556122414,0.3103448275862069,0.375,0.2068965517241379,0.3125,0.1724137931034483,7.459772069,0,-1.8011499477545805,13,0.4482758620689655,8,0.2758620689655172,"Cowser, Colton",681297,2025,18,10,0.125,0.221,-0.096,0.313,0.428,-0.1149999999999999,0.241,0.322,-0.081
677951,"Witt Jr., Bobby",43,0.9148936170212766,32,73.547769302,0.3953488372093023,0.25,0.1860465116279069,0.1875,0.1395348837209302,6.929862791,1,-1.0859849180003378,11,0.2558139534883721,12,0.2790697674418604,"Witt Jr., Bobby",677951,2025,24,16,0.286,0.358,-0.072,0.381,0.485,-0.1039999999999999,0.325,0.397,-0.072
677800,"Abreu, Wilyer",28,0.9032258064516128,25,73.505381786,0.25,0.24,0.2142857142857142,0.16,0.1428571428571428,7.125530714,2,3.3119137770437272,3,0.1071428571428571,10,0.3571428571428571,"Abreu, Wilyer",677800,2025,16,11,0.636,0.503,0.133,1.364,1.147,0.217,0.801,0.69,0.1110000000000001
670042,"Raley, Luke",36,0.9473684210526316,17,73.4911,0.4444444444444444,0.1764705882352941,0.0833333333333333,0.1764705882352941,0.0833333333333333,7.283468611,1,-1.7164035073969812,19,0.5277777777777778,7,0.1944444444444444,"Raley, Luke",670042,2025,15,7,0.167,0.223,-0.0559999999999999,0.417,0.316,0.1009999999999999,0.334,0.326,0.008
668227,"Arozarena, Randy",43,0.8958333333333334,29,73.480871395,0.4651162790697674,0.3103448275862069,0.2093023255813953,0.2068965517241379,0.1395348837209302,7.438101163,2,-0.8031077721989005,14,0.3255813953488372,11,0.2558139534883721,"Arozarena, Randy",668227,2025,24,13,0.158,0.338,-0.18,0.526,0.828,-0.3019999999999999,0.367,0.528,-0.161
545361,"Trout, Mike",40,0.8888888888888888,29,73.46183075,0.375,0.2068965517241379,0.15,0.1034482758620689,0.075,7.372522,0,-2.778909674267124,11,0.275,13,0.325,"Trout, Mike",545361,2025,22,15,0.118,0.268,-0.15,0.176,0.435,-0.259,0.169,0.319,-0.15
624585,"Soler, Jorge",29,0.935483870967742,23,73.379412414,0.2758620689655172,0.391304347826087,0.3103448275862069,0.3043478260869565,0.2413793103448276,7.909499655,0,-1.8939643372100528,6,0.2068965517241379,11,0.3793103448275862,"Soler, Jorge",624585,2025,20,11,0.176,0.243,-0.067,0.235,0.488,-0.253,0.221,0.368,-0.147
667670,"Rooker, Brent",45,0.9,32,73.346149556,0.3777777777777777,0.34375,0.2444444444444444,0.15625,0.1111111111111111,7.160371778,1,-0.015166501592345,13,0.2888888888888888,17,0.3777777777777777,"Rooker, Brent",667670,2025,27,18,0.269,0.303,-0.0339999999999999,0.5,0.666,-0.166,0.34,0.418,-0.0779999999999999
691016,"Soderstrom, Tyler",34,0.8947368421052632,24,73.316905294,0.3529411764705882,0.375,0.2647058823529412,0.2916666666666667,0.2058823529411764,7.641915882,2,-0.0803751374501679,10,0.2941176470588235,13,0.3823529411764705,"Soderstrom, Tyler",691016,2025,24,16,0.348,0.278,0.0699999999999999,0.783,0.626,0.157,0.483,0.391,0.0919999999999999
694192,"Chourio, Jackson",48,0.8888888888888888,34,73.310603958,0.3958333333333332,0.2647058823529412,0.1875,0.1470588235294117,0.1041666666666666,7.571390833,0,-1.973908458451306,14,0.2916666666666667,12,0.25,"Chourio, Jackson",694192,2025,23,12,0.217,0.204,0.013,0.304,0.37,-0.066,0.224,0.244,-0.0199999999999999
666969,"García, Adolis",40,0.9090909090909092,30,73.2785575,0.35,0.5333333333333333,0.4,0.3333333333333333,0.25,7.927661,0,1.286632278810511,10,0.25,17,0.425,"García, Adolis",666969,2025,21,17,0.278,0.331,-0.0529999999999999,0.778,0.833,-0.0549999999999999,0.474,0.515,-0.041
671056,"Herrera, Iván",27,0.9310344827586208,25,73.273434074,0.4074074074074074,0.12,0.1111111111111111,0.08,0.074074074074074,7.51320037,0,0.888503360451994,2,0.074074074074074,8,0.2962962962962963,"Herrera, Iván",671056,2025,12,8,0.364,0.274,0.0899999999999999,0.545,0.561,-0.016,0.414,0.378,0.0359999999999999
691718,"Crow-Armstrong, Pete",65,0.9027777777777778,48,73.234401231,0.2923076923076923,0.3541666666666667,0.2615384615384615,0.1041666666666666,0.0769230769230769,7.419692615,0,-4.735523385101184,17,0.2615384615384615,21,0.3230769230769231,"Crow-Armstrong, Pete",691718,2025,34,23,0.161,0.207,-0.0459999999999999,0.226,0.286,-0.0599999999999999,0.213,0.256,-0.043
681351,"O'Hoppe, Logan",20,0.8333333333333334,12,73.188852,0.35,0.3333333333333333,0.2,0.3333333333333333,0.2,7.8526615,0,0.1464297008137918,8,0.4,6,0.3,"O'Hoppe, Logan",681351,2025,12,7,0.167,0.25,-0.0829999999999999,0.417,0.794,-0.377,0.244,0.429,-0.185
663616,"Larnach, Trevor",27,0.8709677419354839,22,73.158706667,0.2592592592592592,0.2272727272727272,0.1851851851851851,0.0909090909090909,0.074074074074074,7.479118519,1,0.0275075393832746,5,0.1851851851851851,8,0.2962962962962963,"Larnach, Trevor",663616,2025,15,10,0.308,0.33,-0.022,0.308,0.382,-0.074,0.328,0.363,-0.0349999999999999
701538,"Merrill, Jackson",38,0.8837209302325582,32,73.096198684,0.3157894736842105,0.34375,0.2894736842105263,0.1875,0.1578947368421052,7.530358947,0,1.7016340427601564,6,0.1578947368421052,14,0.3684210526315789,"Merrill, Jackson",701538,2025,23,18,0.4,0.423,-0.0229999999999999,0.6,0.75,-0.15,0.434,0.494,-0.06
678662,"Tovar, Ezequiel",25,0.8620689655172413,21,73.0814352,0.28,0.4285714285714285,0.36,0.1428571428571428,0.12,7.287896,0,-1.6777161649660288,4,0.16,13,0.52,"Tovar, Ezequiel",678662,2025,16,14,0.188,0.276,-0.088,0.25,0.371,-0.121,0.189,0.278,-0.089
657041,"Thomas, Lane",25,0.925925925925926,21,73.046818,0.2,0.2857142857142857,0.24,0.0476190476190476,0.04,7.0301652,0,-2.049555019812688,4,0.16,13,0.52,"Thomas, Lane",657041,2025,18,14,0.176,0.21,-0.034,0.176,0.26,-0.084,0.186,0.233,-0.047
670224,"Misner, Kameron",26,0.9285714285714286,17,73.023621154,0.1923076923076923,0.5882352941176471,0.3846153846153846,0.3529411764705882,0.2307692307692307,8.098494231,0,0.615131521189846,9,0.3461538461538461,11,0.4230769230769231,"Misner, Kameron",670224,2025,15,11,0.357,0.346,0.011,0.643,0.722,-0.0789999999999999,0.396,0.421,-0.0249999999999999
691777,"Muncy, Max",28,0.9032258064516128,20,73.010997143,0.25,0.3,0.2142857142857142,0.2,0.1428571428571428,7.167925,2,-1.6851639135719787,8,0.2857142857142857,11,0.3928571428571428,"Muncy, Max",571970,2025,24,11,0.095,0.208,-0.1129999999999999,0.143,0.386,-0.243,0.176,0.309,-0.133
691777,"Muncy, Max",28,0.9032258064516128,20,73.010997143,0.25,0.3,0.2142857142857142,0.2,0.1428571428571428,7.167925,2,-1.6851639135719787,8,0.2857142857142857,11,0.3928571428571428,"Muncy, Max",691777,2025,19,11,0.158,0.226,-0.068,0.368,0.444,-0.076,0.22,0.282,-0.0619999999999999
571970,"Muncy, Max",43,0.8775510204081632,30,69.924149535,0.1162790697674418,0.1666666666666666,0.1162790697674418,0.0666666666666666,0.0465116279069767,7.132559302,2,-4.154172651379045,13,0.3023255813953488,9,0.2093023255813953,"Muncy, Max",571970,2025,24,11,0.095,0.208,-0.1129999999999999,0.143,0.386,-0.243,0.176,0.309,-0.133
571970,"Muncy, Max",43,0.8775510204081632,30,69.924149535,0.1162790697674418,0.1666666666666666,0.1162790697674418,0.0666666666666666,0.0465116279069767,7.132559302,2,-4.154172651379045,13,0.3023255813953488,9,0.2093023255813953,"Muncy, Max",691777,2025,19,11,0.158,0.226,-0.068,0.368,0.444,-0.076,0.22,0.282,-0.0619999999999999
663656,"Tucker, Kyle",60,0.9523809523809524,50,72.983605667,0.35,0.34,0.2833333333333333,0.14,0.1166666666666666,7.627619167,0,3.852393874924781,10,0.1666666666666666,26,0.4333333333333333,"Tucker, Kyle",663656,2025,40,28,0.353,0.293,0.06,0.853,0.727,0.126,0.527,0.458,0.069
656811,"O'Hearn, Ryan",31,0.9117647058823528,28,72.965347742,0.3225806451612903,0.3214285714285714,0.2903225806451613,0.1785714285714285,0.1612903225806451,7.193702903,1,0.3863279947866095,3,0.0967741935483871,12,0.3870967741935484,"O'Hearn, Ryan",656811,2025,17,14,0.4,0.398,0.002,0.533,0.505,0.028,0.437,0.426,0.011
521692,"Perez, Salvador",35,0.8536585365853658,29,72.960340571,0.2857142857142857,0.2413793103448276,0.2,0.1724137931034483,0.1428571428571428,8.066434571,1,-0.6069865924931552,6,0.1714285714285714,13,0.3714285714285714,"Perez, Salvador",521692,2025,21,16,0.25,0.338,-0.088,0.4,0.565,-0.1649999999999999,0.299,0.4,-0.101
665155,"Maton, Nick",18,0.9,13,72.955154444,0.2222222222222222,0.3846153846153846,0.2777777777777778,0.2307692307692307,0.1666666666666666,6.692088333,0,0.3833328729879386,5,0.2777777777777778,8,0.4444444444444444,"Maton, Nick",665155,2025,12,8,0.222,0.199,0.0229999999999999,0.889,0.68,0.2089999999999999,0.513,0.445,0.068
673548,"Suzuki, Seiya",64,0.9014084507042254,48,72.954054531,0.375,0.2291666666666666,0.171875,0.1458333333333333,0.109375,7.267565469,1,-1.665846037252341,16,0.25,19,0.296875,"Suzuki, Seiya",673548,2025,39,20,0.229,0.212,0.017,0.457,0.426,0.031,0.313,0.302,0.011
666624,"Morel, Christopher",17,0.85,9,72.911882353,0.5294117647058825,0.2222222222222222,0.1176470588235294,0.0,0.0,7.934143529,2,0.1210684839492046,8,0.4705882352941176,4,0.2352941176470588,"Morel, Christopher",666624,2025,11,5,0.333,0.176,0.157,0.333,0.196,0.137,0.368,0.259,0.1089999999999999
669911,"Toglia, Michael",32,0.8648648648648649,21,72.865592813,0.125,0.1428571428571428,0.09375,0.0476190476190476,0.03125,7.597132188,1,-2.734415366156636,11,0.34375,6,0.1875,"Toglia, Michael",669911,2025,16,7,0.067,0.138,-0.071,0.133,0.261,-0.128,0.124,0.203,-0.079
592663,"Realmuto, J.T.",32,0.9142857142857144,21,72.858451875,0.40625,0.1428571428571428,0.09375,0.0952380952380952,0.0625,7.284155,1,-2.1685827205103343,11,0.34375,7,0.21875,"Realmuto, J.T.",592663,2025,13,7,0.077,0.155,-0.078,0.231,0.254,-0.0229999999999999,0.122,0.175,-0.0529999999999999
687401,"Ortiz, Joey",27,0.9,24,72.84813963,0.2222222222222222,0.1666666666666666,0.1481481481481481,0.125,0.1111111111111111,7.479598519,0,-3.17099791808133,3,0.1111111111111111,15,0.5555555555555556,"Ortiz, Joey",687401,2025,20,17,0.15,0.159,-0.009,0.15,0.179,-0.0289999999999999,0.133,0.149,-0.0159999999999999
518792,"Heyward, Jason",25,0.8928571428571429,19,72.8235588,0.2,0.3684210526315789,0.28,0.1052631578947368,0.08,8.5821104,1,-1.936731844992436,6,0.24,10,0.4,"Heyward, Jason",518792,2025,16,11,0.143,0.149,-0.006,0.214,0.285,-0.0709999999999999,0.177,0.21,-0.033
687952,"Encarnacion-Strand, Christian",34,0.8947368421052632,20,72.779590882,0.2058823529411764,0.4,0.2352941176470588,0.25,0.1470588235294117,7.449590882,0,0.7885968036140216,14,0.4117647058823529,9,0.2647058823529412,"Encarnacion-Strand, Christian",687952,2025,16,10,0.286,0.322,-0.036,0.571,0.533,0.0379999999999999,0.405,0.408,-0.0029999999999999
553993,"Suárez, Eugenio",33,0.9428571428571428,20,72.756222121,0.303030303030303,0.65,0.3939393939393939,0.4,0.2424242424242424,7.903430303,1,2.586694228590468,13,0.3939393939393939,13,0.3939393939393939,"Suárez, Eugenio",553993,2025,21,14,0.278,0.366,-0.0879999999999999,1.111,1.061,0.05,0.58,0.599,-0.019
681624,"Pages, Andy",56,0.875,46,72.75306375,0.25,0.108695652173913,0.0892857142857142,0.0217391304347826,0.0178571428571428,7.7217675,3,-2.482803795065709,10,0.1785714285714285,12,0.2142857142857142,"Pages, Andy",681624,2025,26,13,0.136,0.178,-0.0419999999999999,0.182,0.226,-0.044,0.224,0.254,-0.03
593428,"Bogaerts, Xander",28,0.9032258064516128,21,72.711855714,0.25,0.2857142857142857,0.2142857142857142,0.1428571428571428,0.1071428571428571,7.549528571,1,-0.2804172202039368,7,0.25,9,0.3214285714285714,"Bogaerts, Xander",593428,2025,23,11,0.278,0.186,0.092,0.389,0.219,0.17,0.346,0.251,0.0949999999999999
592885,"Yelich, Christian",31,0.8857142857142857,22,72.67184129,0.3225806451612902,0.2727272727272727,0.1935483870967742,0.1818181818181818,0.1290322580645161,7.299212581,0,-1.041429745949856,9,0.2903225806451613,11,0.3548387096774194,"Yelich, Christian",592885,2025,20,11,0.125,0.214,-0.089,0.313,0.454,-0.141,0.286,0.369,-0.083
668804,"Reynolds, Bryan",56,0.918032786885246,36,72.670515714,0.2142857142857142,0.3055555555555556,0.1964285714285714,0.2222222222222222,0.1428571428571428,6.890639821,1,-2.6461394822980995,20,0.3571428571428571,18,0.3214285714285714,"Reynolds, Bryan",668804,2025,28,18,0.231,0.203,0.0279999999999999,0.269,0.281,-0.012,0.252,0.243,0.009
681460,"Baldwin, Brooks",29,0.8787878787878788,24,72.669645172,0.2758620689655172,0.2083333333333333,0.1724137931034483,0.125,0.1034482758620689,6.902962759,0,-0.9946121909406264,5,0.1724137931034483,9,0.3103448275862069,"Baldwin, Brooks",681460,2025,12,10,0.364,0.298,0.066,0.364,0.341,0.0229999999999999,0.295,0.256,0.0389999999999999
608369,"Seager, Corey",31,0.9117647058823528,27,72.666270323,0.2258064516129032,0.2222222222222222,0.1935483870967742,0.1111111111111111,0.0967741935483871,6.671846129,1,-3.122047825587896,4,0.1290322580645161,12,0.3870967741935484,"Seager, Corey",608369,2025,19,13,0.176,0.12,0.0559999999999999,0.176,0.202,-0.026,0.213,0.196,0.0169999999999999
672386,"Kirk, Alejandro",31,0.8857142857142857,25,72.62466871,0.2580645161290322,0.44,0.3548387096774194,0.24,0.1935483870967742,7.211059677,0,-1.2949226282415864,6,0.1935483870967742,16,0.5161290322580645,"Kirk, Alejandro",672386,2025,20,18,0.316,0.244,0.072,0.368,0.35,0.018,0.284,0.244,0.0399999999999999
676572,"Wagaman, Eric",23,0.8846153846153846,21,72.615676522,0.3478260869565217,0.3333333333333333,0.3043478260869565,0.1428571428571428,0.1304347826086956,7.132515652,3,-0.696962891524808,2,0.0869565217391304,13,0.5652173913043478,"Wagaman, Eric",676572,2025,16,13,0.25,0.326,-0.076,0.438,0.553,-0.115,0.293,0.374,-0.081
620443,"Torrens, Luis",25,0.9615384615384616,18,72.5510876,0.24,0.4444444444444444,0.32,0.2222222222222222,0.16,7.4035636,0,0.4179712000386631,7,0.28,10,0.4,"Torrens, Luis",620443,2025,15,10,0.286,0.346,-0.06,0.643,0.732,-0.0889999999999999,0.408,0.47,-0.062
607043,"Nimmo, Brandon",34,0.8947368421052632,26,72.541118824,0.3235294117647059,0.3461538461538461,0.2647058823529412,0.3076923076923077,0.2352941176470588,7.584219706,3,0.8488581795852772,8,0.2352941176470588,13,0.3823529411764705,"Nimmo, Brandon",607043,2025,20,14,0.263,0.336,-0.073,0.579,0.596,-0.017,0.371,0.411,-0.0399999999999999
669127,"Langeliers, Shea",36,0.9,29,72.519591944,0.1388888888888888,0.3448275862068966,0.2777777777777778,0.0689655172413793,0.0555555555555555,7.112136667,0,-0.0266941041046111,7,0.1944444444444444,14,0.3888888888888889,"Langeliers, Shea",669127,2025,20,14,0.222,0.202,0.0199999999999999,0.556,0.335,0.221,0.362,0.275,0.0869999999999999
502671,"Goldschmidt, Paul",26,0.9629629629629628,20,72.517781538,0.1153846153846153,0.4,0.3076923076923077,0.15,0.1153846153846153,7.867111923,0,-0.423489515472524,6,0.2307692307692307,11,0.4230769230769231,"Goldschmidt, Paul",502671,2025,18,12,0.313,0.439,-0.126,0.563,0.681,-0.1180000000000001,0.409,0.503,-0.094
666134,"Jones, Nolan",21,0.8076923076923077,12,72.506256667,0.1428571428571428,0.25,0.1428571428571428,0.0833333333333333,0.0476190476190476,6.723315238,1,-0.8476881207918503,9,0.4285714285714285,3,0.1428571428571428,"Jones, Nolan",666134,2025,13,4,0.091,0.08,0.0109999999999999,0.182,0.185,-0.003,0.203,0.2,0.003
676475,"Burleson, Alec",29,0.90625,26,72.429884828,0.2413793103448275,0.3461538461538461,0.3103448275862069,0.1153846153846153,0.1034482758620689,7.563930345,0,-0.9027970179882449,3,0.1034482758620689,14,0.4827586206896552,"Burleson, Alec",676475,2025,17,16,0.25,0.256,-0.006,0.313,0.368,-0.0549999999999999,0.271,0.295,-0.0239999999999999
624641,"Sosa, Edmundo",23,0.92,17,72.382060435,0.2608695652173913,0.3529411764705882,0.2608695652173913,0.2352941176470588,0.1739130434782608,7.960063043,0,2.602959222873245,6,0.2608695652173913,8,0.3478260869565217,"Sosa, Edmundo",624641,2025,12,8,0.545,0.376,0.169,0.818,0.543,0.2749999999999999,0.592,0.419,0.173
623993,"Santander, Anthony",43,0.9347826086956522,32,72.355892558,0.186046511627907,0.3125,0.2325581395348837,0.09375,0.0697674418604651,7.16172814,0,-2.7809383082363164,11,0.2558139534883721,15,0.3488372093023256,"Santander, Anthony",623993,2025,26,16,0.174,0.187,-0.013,0.174,0.278,-0.104,0.216,0.255,-0.039
663697,"India, Jonathan",34,0.8947368421052632,31,72.339225,0.2058823529411764,0.3225806451612903,0.2941176470588235,0.1612903225806451,0.1470588235294117,7.526510294,1,-0.1895492003561614,3,0.088235294117647,16,0.4705882352941176,"India, Jonathan",663697,2025,23,19,0.35,0.317,0.0329999999999999,0.4,0.392,0.008,0.377,0.358,0.019
700932,"Manzardo, Kyle",31,0.9117647058823528,22,72.330466129,0.2258064516129032,0.3636363636363636,0.2580645161290322,0.1818181818181818,0.1290322580645161,7.682772258,0,2.05506262988657,9,0.2903225806451613,13,0.4193548387096774,"Manzardo, Kyle",700932,2025,20,14,0.294,0.217,0.0769999999999999,0.824,0.5,0.3239999999999999,0.494,0.359,0.135
664040,"Lowe, Brandon",44,0.9166666666666666,27,72.270005909,0.2045454545454545,0.4074074074074074,0.25,0.2222222222222222,0.1363636363636363,7.211131136,3,-0.6217822147784058,17,0.3863636363636363,14,0.3181818181818182,"Lowe, Brandon",664040,2025,23,15,0.333,0.378,-0.0449999999999999,0.619,0.946,-0.3269999999999999,0.43,0.563,-0.1329999999999999
672515,"Moreno, Gabriel",24,0.8571428571428571,18,72.264232917,0.2499999999999999,0.3333333333333333,0.25,0.0555555555555555,0.0416666666666666,7.27865125,0,-0.1717895697719921,6,0.25,6,0.25,"Moreno, Gabriel",672515,2025,14,8,0.417,0.309,0.1079999999999999,0.417,0.364,0.0529999999999999,0.415,0.352,0.063
650489,"Castro, Willi",30,0.9090909090909092,23,72.227217333,0.3333333333333333,0.3043478260869565,0.2333333333333333,0.2608695652173913,0.2,7.214264667,0,2.436569719367562,7,0.2333333333333333,10,0.3333333333333333,"Castro, Willi",650489,2025,19,13,0.294,0.279,0.0149999999999999,0.647,0.514,0.133,0.426,0.374,0.0519999999999999
596146,"Kepler, Max",30,0.9090909090909092,20,72.194112667,0.3,0.35,0.2333333333333333,0.1,0.0666666666666666,7.128585667,1,2.397297148986336,10,0.3333333333333333,7,0.2333333333333333,"Kepler, Max",596146,2025,14,7,0.364,0.279,0.0849999999999999,0.818,0.467,0.3509999999999999,0.537,0.397,0.14
660162,"Moncada, Yoán",26,0.9285714285714286,21,72.185959615,0.3076923076923077,0.3809523809523809,0.3076923076923077,0.0952380952380952,0.0769230769230769,7.15073,1,-1.3650864073624671,5,0.1923076923076923,9,0.3461538461538461,"Moncada, Yoán",660162,2025,18,10,0.143,0.144,-0.001,0.214,0.196,0.0179999999999999,0.273,0.271,0.002
701358,"Smith, Cam",18,0.9,13,72.174381667,0.3888888888888889,0.3846153846153846,0.2777777777777778,0.2307692307692307,0.1666666666666666,7.142673889,3,-1.3085059784567028,5,0.2777777777777778,7,0.3888888888888889,"Smith, Cam",701358,2025,14,7,0.182,0.122,0.06,0.182,0.148,0.034,0.277,0.245,0.032
691026,"Winn, Masyn",35,0.8974358974358975,22,72.170668,0.1714285714285714,0.2272727272727272,0.1428571428571428,0.0909090909090909,0.0571428571428571,7.580308571,0,-3.903494339806395,13,0.3714285714285714,7,0.2,"Winn, Masyn",691026,2025,21,10,0.0,0.159,-0.159,0.0,0.245,-0.245,0.099,0.246,-0.147
678246,"Vargas, Miguel",36,0.9230769230769232,29,72.141973889,0.1944444444444444,0.3448275862068966,0.2777777777777778,0.1034482758620689,0.0833333333333333,7.53147,2,-1.7137863839723813,7,0.1944444444444444,11,0.3055555555555556,"Vargas, Miguel",678246,2025,20,11,0.176,0.211,-0.035,0.235,0.31,-0.075,0.255,0.294,-0.0389999999999999
663993,"Lowe, Nathaniel",48,0.9056603773584906,35,72.134217708,0.25,0.1714285714285714,0.125,0.1428571428571428,0.1041666666666666,7.142458958,2,2.1145178692841373,13,0.2708333333333333,9,0.1875,"Lowe, Nathaniel",663993,2025,21,9,0.316,0.229,0.087,0.684,0.529,0.155,0.446,0.352,0.094
666971,"Gurriel Jr., Lourdes",40,0.9523809523809524,31,72.13096975,0.15,0.3870967741935484,0.3,0.1290322580645161,0.1,7.46973325,0,-1.3198246404594118,9,0.225,18,0.45,"Gurriel Jr., Lourdes",666971,2025,20,19,0.2,0.2,0.0,0.4,0.377,0.023,0.253,0.242,0.011
671277,"García Jr., Luis",24,0.8888888888888888,19,72.120068333,0.25,0.3684210526315789,0.2916666666666667,0.2105263157894736,0.1666666666666666,7.639343333,3,-1.9287474352110128,5,0.2083333333333333,12,0.5,"García Jr., Luis",671277,2025,16,13,0.125,0.237,-0.1119999999999999,0.188,0.426,-0.238,0.134,0.281,-0.147
681481,"Carpenter, Kerry",28,0.9032258064516128,21,72.105731786,0.2857142857142857,0.4761904761904761,0.3571428571428571,0.1428571428571428,0.1071428571428571,7.219341429,0,-0.7745733793052895,7,0.25,12,0.4285714285714285,"Carpenter, Kerry",681481,2025,16,12,0.267,0.229,0.038,0.333,0.377,-0.0439999999999999,0.244,0.277,-0.033
679529,"Torkelson, Spencer",40,0.9302325581395348,33,72.063594,0.175,0.2121212121212121,0.175,0.1212121212121212,0.1,7.50078375,0,0.7784606843775577,7,0.175,10,0.25,"Torkelson, Spencer",679529,2025,23,11,0.389,0.24,0.149,0.667,0.457,0.21,0.502,0.38,0.122
669304,"Miranda, Jose",24,0.8888888888888888,16,72.015045,0.25,0.3125,0.2083333333333333,0.1875,0.125,7.75760375,0,-1.435201851482188,8,0.3333333333333333,9,0.375,"Miranda, Jose",669304,2025,18,12,0.167,0.168,-0.001,0.167,0.189,-0.0219999999999999,0.147,0.156,-0.009
624424,"Conforto, Michael",36,0.972972972972973,24,71.998055833,0.25,0.2083333333333333,0.1388888888888889,0.125,0.0833333333333333,7.328626389,0,-0.4287961561537585,12,0.3333333333333333,9,0.25,"Conforto, Michael",624424,2025,20,11,0.294,0.23,0.0639999999999999,0.529,0.381,0.148,0.399,0.33,0.069
664023,"Happ, Ian",57,0.890625,44,71.995238772,0.1754385964912281,0.2272727272727272,0.175438596491228,0.0909090909090909,0.0701754385964912,7.076779649,1,-2.2861486184318607,13,0.2280701754385964,18,0.3157894736842105,"Happ, Ian",664023,2025,40,23,0.156,0.203,-0.047,0.281,0.309,-0.0279999999999999,0.27,0.305,-0.0349999999999999
571448,"Arenado, Nolan",29,0.8787878787878788,23,71.994867586,0.3793103448275862,0.4782608695652174,0.3793103448275862,0.0869565217391304,0.0689655172413793,8.342506552,1,2.988970110434334,6,0.2068965517241379,16,0.5517241379310345,"Arenado, Nolan",571448,2025,23,17,0.35,0.217,0.1329999999999999,0.6,0.304,0.296,0.431,0.268,0.1629999999999999
665804,"Amaya, Miguel",38,0.926829268292683,26,71.942477895,0.2368421052631578,0.3846153846153846,0.2631578947368421,0.1153846153846153,0.0789473684210526,7.671339737,0,-0.4013737516195254,12,0.3157894736842105,15,0.3947368421052631,"Amaya, Miguel",665804,2025,20,16,0.3,0.253,0.0469999999999999,0.5,0.336,0.1639999999999999,0.339,0.251,0.088
671739,"Harris II, Michael",37,0.902439024390244,28,71.915207027,0.2162162162162162,0.2142857142857142,0.1621621621621621,0.1071428571428571,0.081081081081081,7.653387297,1,-2.6540796308641093,9,0.2432432432432432,14,0.3783783783783784,"Harris II, Michael",671739,2025,23,15,0.13,0.21,-0.0799999999999999,0.261,0.405,-0.144,0.166,0.26,-0.094
668952,"Kreidler, Ryan",28,0.9032258064516128,13,71.900616786,0.3214285714285714,0.1538461538461538,0.0714285714285714,0.0769230769230769,0.0357142857142857,7.770113929,1,-1.989843025454856,15,0.5357142857142857,5,0.1785714285714285,"Kreidler, Ryan",668952,2025,13,5,0.167,0.216,-0.0489999999999999,0.167,0.242,-0.0749999999999999,0.19,0.239,-0.0489999999999999
608324,"Bregman, Alex",32,0.8888888888888888,28,71.900554688,0.09375,0.5,0.4375,0.25,0.21875,7.071434063,1,-1.9025874833714185,4,0.125,16,0.5,"Bregman, Alex",608324,2025,23,17,0.227,0.283,-0.0559999999999999,0.227,0.504,-0.277,0.223,0.348,-0.1249999999999999
672820,"Sosa, Lenyn",28,0.9032258064516128,22,71.854908929,0.1785714285714286,0.4090909090909091,0.3214285714285714,0.1363636363636363,0.1071428571428571,7.507985357,2,1.255714167378669,6,0.2142857142857142,13,0.4642857142857143,"Sosa, Lenyn",672820,2025,16,13,0.25,0.333,-0.083,0.5,0.704,-0.2039999999999999,0.316,0.434,-0.118
676059,"Westburg, Jordan",31,0.8857142857142857,25,71.805265484,0.1935483870967742,0.28,0.2258064516129032,0.2,0.1612903225806451,6.563991935,1,2.2502149376568505,6,0.1935483870967742,10,0.3225806451612903,"Westburg, Jordan",676059,2025,19,14,0.412,0.346,0.066,0.941,0.89,0.0509999999999999,0.581,0.533,0.0479999999999999
642715,"Adames, Willy",36,0.9473684210526316,25,71.7922125,0.1388888888888889,0.36,0.25,0.12,0.0833333333333333,8.196654167,0,-2.9640223023756533,11,0.3055555555555556,13,0.3611111111111111,"Adames, Willy",642715,2025,21,13,0.158,0.161,-0.003,0.211,0.291,-0.0799999999999999,0.177,0.212,-0.035
680777,"Jeffers, Ryan",29,0.90625,24,71.768872414,0.1379310344827586,0.2916666666666667,0.2413793103448276,0.1666666666666666,0.1379310344827586,7.356855517,0,-1.0167095674272104,5,0.1724137931034483,13,0.4482758620689655,"Jeffers, Ryan",680777,2025,17,13,0.267,0.311,-0.0439999999999999,0.267,0.442,-0.175,0.29,0.37,-0.08
682668,"Acuña, Luisangel",24,0.8888888888888888,19,71.756929583,0.25,0.2105263157894736,0.1666666666666666,0.1578947368421052,0.125,7.07672875,0,-1.3059794284520514,5,0.2083333333333333,8,0.3333333333333333,"Acuña, Luisangel",682668,2025,11,8,0.2,0.177,0.023,0.3,0.232,0.0679999999999999,0.258,0.224,0.034
656537,"Hill, Derek",45,0.9183673469387756,28,71.738488222,0.2222222222222222,0.1428571428571428,0.0888888888888888,0.1071428571428571,0.0666666666666666,7.236470889,3,-0.4265210905181896,17,0.3777777777777777,9,0.2,"Hill, Derek",656537,2025,22,11,0.278,0.234,0.044,0.389,0.37,0.019,0.346,0.322,0.0239999999999999
606192,"Hernández, Teoscar",62,0.9393939393939394,41,71.730711129,0.2258064516129032,0.2195121951219512,0.1451612903225806,0.1463414634146341,0.0967741935483871,7.982575323,1,-1.0960141946320818,21,0.3387096774193548,18,0.2903225806451613,"Hernández, Teoscar",606192,2025,29,20,0.231,0.318,-0.087,0.5,0.629,-0.129,0.347,0.432,-0.085
647304,"Naylor, Josh",23,0.8846153846153846,20,71.702439565,0.2608695652173913,0.6,0.5217391304347826,0.25,0.217391304347826,7.498393043,0,0.6549898275004192,3,0.1304347826086956,17,0.7391304347826086,"Naylor, Josh",647304,2025,22,17,0.333,0.225,0.108,0.444,0.341,0.1029999999999999,0.401,0.325,0.076
665161,"Peña, Jeremy",32,0.8888888888888888,27,71.70191,0.09375,0.3333333333333333,0.28125,0.1851851851851851,0.15625,7.311305938,0,-1.7321118240413909,5,0.15625,13,0.40625,"Peña, Jeremy",665161,2025,18,15,0.125,0.259,-0.134,0.313,0.459,-0.146,0.241,0.349,-0.1079999999999999
661388,"Contreras, William",31,0.9117647058823528,19,71.691907419,0.2258064516129032,0.2631578947368421,0.1612903225806451,0.1052631578947368,0.064516129032258,6.723154839,0,-1.8214138189683424,12,0.3870967741935484,8,0.2580645161290322,"Contreras, William",661388,2025,20,10,0.125,0.173,-0.0479999999999999,0.125,0.318,-0.193,0.227,0.31,-0.0829999999999999
677347,"Paris, Kyren",14,0.875,9,71.639477857,0.2142857142857143,0.3333333333333333,0.2142857142857142,0.2222222222222222,0.1428571428571428,7.309592143,0,2.1336770277017365,5,0.3571428571428571,4,0.2857142857142857,"Paris, Kyren",677347,2025,11,7,0.444,0.328,0.1159999999999999,1.0,0.542,0.4579999999999999,0.616,0.43,0.186
668901,"Vientos, Mark",38,0.9047619047619048,28,71.585315,0.1052631578947368,0.3928571428571428,0.2894736842105263,0.1071428571428571,0.0789473684210526,7.696022368,1,-3.752727571369292,10,0.2631578947368421,17,0.4473684210526316,"Vientos, Mark",668901,2025,21,17,0.105,0.212,-0.107,0.211,0.322,-0.111,0.186,0.273,-0.087
553869,"Díaz, Elias",21,0.9130434782608696,14,71.584270952,0.2380952380952381,0.4285714285714285,0.2857142857142857,0.1428571428571428,0.0952380952380952,7.067532857,1,-1.255100662705989,7,0.3333333333333333,9,0.4285714285714285,"Díaz, Elias",553869,2025,15,10,0.231,0.254,-0.0229999999999999,0.231,0.332,-0.101,0.239,0.284,-0.0449999999999999
667472,"Myers, Dane",28,0.9032258064516128,22,71.550818214,0.2857142857142857,0.3181818181818182,0.25,0.0454545454545454,0.0357142857142857,7.290920714,1,1.4813864818005,6,0.2142857142857142,12,0.4285714285714285,"Myers, Dane",667472,2025,19,14,0.333,0.279,0.0539999999999999,0.444,0.362,0.082,0.355,0.298,0.0569999999999999
678882,"Rafaela, Ceddanne",31,0.9117647058823528,22,71.531012581,0.1935483870967742,0.3181818181818182,0.2258064516129032,0.0909090909090909,0.064516129032258,7.594950968,0,-2.7647053982498297,9,0.2903225806451613,12,0.3870967741935484,"Rafaela, Ceddanne",678882,2025,15,12,0.067,0.166,-0.099,0.067,0.281,-0.214,0.059,0.19,-0.131
608070,"Ramírez, José",32,0.9142857142857144,25,71.527275313,0.1875,0.28,0.21875,0.04,0.03125,7.172261875,0,-1.016144161399423,7,0.21875,10,0.3125,"Ramírez, José",608070,2025,16,12,0.231,0.29,-0.0589999999999999,0.538,0.406,0.132,0.35,0.333,0.0169999999999999
502054,"Pham, Tommy",32,0.8888888888888888,25,71.524059688,0.28125,0.32,0.25,0.12,0.09375,6.878251563,1,-2.4832414013155075,7,0.21875,12,0.375,"Pham, Tommy",502054,2025,23,13,0.095,0.15,-0.0549999999999999,0.143,0.169,-0.026,0.155,0.188,-0.033
666310,"Naylor, Bo",30,0.9090909090909092,21,71.437549333,0.1666666666666666,0.3333333333333333,0.2333333333333333,0.0476190476190476,0.0333333333333333,7.788966667,1,-2.8528100142372232,9,0.3,10,0.3333333333333333,"Naylor, Bo",666310,2025,16,10,0.133,0.102,0.031,0.133,0.151,-0.0179999999999999,0.154,0.145,0.009
693307,"Dingler, Dillon",16,0.9411764705882352,14,71.39196875,0.3125,0.3571428571428571,0.3125,0.0714285714285714,0.0625,7.460830625,1,2.9565626203082878,2,0.125,8,0.5,"Dingler, Dillon",693307,2025,11,8,0.455,0.37,0.085,0.909,0.697,0.212,0.571,0.446,0.1249999999999999
672580,"Garcia, Maikel",26,0.9629629629629628,21,71.391223462,0.1538461538461538,0.4285714285714285,0.3461538461538461,0.238095238095238,0.1923076923076923,7.190095385,1,2.482204054133228,5,0.1923076923076923,14,0.5384615384615384,"Garcia, Maikel",672580,2025,19,14,0.353,0.286,0.067,0.824,0.591,0.2329999999999999,0.513,0.402,0.1109999999999999
641355,"Bellinger, Cody",39,0.9069767441860463,32,71.37069,0.0769230769230769,0.21875,0.1794871794871795,0.15625,0.1282051282051282,7.839877692,1,-1.0622726631711792,7,0.1794871794871795,11,0.282051282051282,"Bellinger, Cody",641355,2025,18,13,0.308,0.232,0.0759999999999999,0.538,0.49,0.048,0.338,0.381,-0.0429999999999999
673237,"Diaz, Yainer",23,0.92,18,71.353402174,0.0869565217391304,0.4444444444444444,0.3478260869565217,0.2777777777777778,0.217391304347826,7.531027391,0,-3.312396542708318,5,0.217391304347826,11,0.4782608695652174,"Diaz, Yainer",673237,2025,15,11,0.071,0.245,-0.174,0.071,0.461,-0.39,0.105,0.325,-0.22
669016,"Marsh, Brandon",22,0.88,18,71.301364091,0.0909090909090909,0.4444444444444444,0.3636363636363636,0.2222222222222222,0.1818181818181818,7.184078182,0,0.6069664994487205,4,0.1818181818181818,8,0.3636363636363636,"Marsh, Brandon",669016,2025,15,8,0.308,0.274,0.0339999999999999,0.538,0.451,0.087,0.405,0.361,0.044
621020,"Swanson, Dansby",50,0.8928571428571429,38,71.2899812,0.1,0.4210526315789473,0.32,0.1842105263157894,0.14,7.4569984,2,-1.8867215518850948,12,0.24,23,0.46,"Swanson, Dansby",621020,2025,34,26,0.258,0.312,-0.0539999999999999,0.548,0.56,-0.012,0.37,0.398,-0.028
656976,"Smith, Pavin",13,0.8125,7,71.289720769,0.5384615384615385,0.4285714285714285,0.2307692307692307,0.4285714285714285,0.2307692307692307,7.693395385,2,0.7904367493436206,6,0.4615384615384615,3,0.2307692307692307,"Smith, Pavin",656976,2025,12,4,0.444,0.281,0.1629999999999999,0.778,0.516,0.262,0.561,0.425,0.136
683011,"Volpe, Anthony",30,0.9375,23,71.210663,0.1999999999999999,0.2608695652173913,0.2,0.1739130434782608,0.1333333333333333,7.147347,0,1.9838922268558157,7,0.2333333333333333,11,0.3666666666666666,"Volpe, Anthony",683011,2025,18,11,0.188,0.23,-0.042,0.75,0.701,0.049,0.417,0.418,-0.001
467793,"Santana, Carlos",31,0.9393939393939394,27,71.202978065,0.1612903225806451,0.3333333333333333,0.2903225806451613,0.1851851851851851,0.1612903225806451,7.48698129,0,-2.4332447496148277,4,0.1290322580645161,14,0.4516129032258064,"Santana, Carlos",467793,2025,22,18,0.2,0.239,-0.0389999999999999,0.3,0.321,-0.021,0.204,0.233,-0.029
622534,"Margot, Manuel",27,0.9,17,71.195395185,0.1481481481481481,0.1764705882352941,0.1111111111111111,0.0,0.0,6.975490741,0,-0.7759688084095759,10,0.3703703703703703,7,0.2592592592592592,"Margot, Manuel",622534,2025,14,9,0.385,0.307,0.078,0.385,0.343,0.0419999999999999,0.316,0.294,0.022
596115,"Story, Trevor",40,0.9090909090909092,29,71.18683825,0.125,0.1379310344827586,0.1,0.0344827586206896,0.025,7.16723425,0,-2.6545603091564205,11,0.275,7,0.175,"Story, Trevor",596115,2025,16,9,0.133,0.15,-0.0169999999999999,0.133,0.177,-0.0439999999999999,0.154,0.176,-0.0219999999999999
672640,"Lopez, Otto",35,0.8974358974358975,27,71.179183714,0.0857142857142857,0.4074074074074074,0.3142857142857143,0.1851851851851851,0.1428571428571428,6.646593714,0,-0.4706950998154875,8,0.2285714285714285,18,0.5142857142857142,"Lopez, Otto",672640,2025,26,21,0.348,0.408,-0.06,0.609,0.678,-0.069,0.431,0.48,-0.0489999999999999
672275,"Bailey, Patrick",24,0.96,12,71.17413875,0.0416666666666666,0.4166666666666667,0.2083333333333333,0.0833333333333333,0.0416666666666666,7.5421275,0,-2.430293540831843,12,0.5,7,0.2916666666666667,"Bailey, Patrick",672275,2025,15,7,0.083,0.124,-0.0409999999999999,0.083,0.249,-0.1659999999999999,0.198,0.266,-0.068
656775,"Mullins, Cedric",41,0.9318181818181818,32,71.156318537,0.097560975609756,0.34375,0.2682926829268293,0.21875,0.1707317073170731,7.659565122,1,2.0866357310092525,9,0.2195121951219512,16,0.3902439024390244,"Mullins, Cedric",656775,2025,22,16,0.35,0.293,0.0569999999999999,0.7,0.588,0.1119999999999999,0.468,0.402,0.066
664774,"Wade Jr., LaMonte",29,0.8787878787878788,26,71.155000345,0.1034482758620689,0.3076923076923077,0.2758620689655172,0.1153846153846153,0.1034482758620689,6.955866552,1,-3.791027524411576,3,0.1034482758620689,12,0.4137931034482758,"Wade Jr., LaMonte",664774,2025,18,13,0.0,0.162,-0.162,0.0,0.271,-0.271,0.0,0.176,-0.176
605137,"Bell, Josh",44,0.8979591836734694,27,71.043996591,0.1818181818181818,0.1111111111111111,0.0681818181818181,0.037037037037037,0.0227272727272727,7.978978636,0,-3.2538383015290133,17,0.3863636363636363,11,0.25,"Bell, Josh",605137,2025,21,12,0.053,0.155,-0.102,0.211,0.279,-0.068,0.163,0.233,-0.07
650859,"Rengifo, Luis",33,0.9166666666666666,28,71.030565758,0.1212121212121211,0.3571428571428571,0.303030303030303,0.0714285714285714,0.0606060606060606,7.23351303,0,-1.099241240255888,5,0.1515151515151515,14,0.4242424242424242,"Rengifo, Luis",650859,2025,21,17,0.211,0.229,-0.018,0.263,0.268,-0.005,0.252,0.261,-0.009
596019,"Lindor, Francisco",26,0.9285714285714286,21,71.004496154,0.2307692307692307,0.3809523809523809,0.3076923076923077,0.0476190476190476,0.0384615384615384,7.669240769,1,-3.7367984196067994,5,0.1923076923076923,12,0.4615384615384615,"Lindor, Francisco",596019,2025,17,12,0.067,0.187,-0.12,0.067,0.25,-0.183,0.095,0.22,-0.125
592178,"Bryant, Kris",26,0.8387096774193549,14,70.977542692,0.0769230769230769,0.2142857142857142,0.1153846153846153,0.0,0.0,7.827898846,0,-2.522016644365427,12,0.4615384615384615,5,0.1923076923076923,"Bryant, Kris",592178,2025,12,5,0.0,0.051,-0.051,0.0,0.113,-0.113,0.116,0.173,-0.0569999999999999
669242,"Edman, Tommy",42,0.9545454545454546,34,70.950969286,0.1428571428571428,0.4117647058823529,0.3333333333333333,0.1764705882352941,0.1428571428571428,7.168917381,0,1.952309697096148,8,0.1904761904761904,21,0.5,"Edman, Tommy",669242,2025,29,25,0.25,0.32,-0.07,0.571,0.505,0.0659999999999999,0.333,0.374,-0.0409999999999999
643217,"Benintendi, Andrew",29,0.90625,23,70.948177586,0.1034482758620689,0.3043478260869565,0.2413793103448276,0.1739130434782608,0.1379310344827586,7.070871724,0,0.2707585842876767,6,0.2068965517241379,11,0.3793103448275862,"Benintendi, Andrew",643217,2025,19,14,0.353,0.26,0.0929999999999999,0.706,0.625,0.0809999999999999,0.474,0.405,0.0689999999999999
656555,"Hoskins, Rhys",24,0.8888888888888888,18,70.94621875,0.1666666666666666,0.4444444444444444,0.3333333333333333,0.1666666666666666,0.125,8.379404167,0,-1.7326724799514293,6,0.25,10,0.4166666666666667,"Hoskins, Rhys",656555,2025,16,10,0.154,0.228,-0.074,0.154,0.284,-0.1299999999999999,0.241,0.31,-0.069
668709,"Bleday, JJ",35,0.9210526315789472,32,70.886920571,0.0571428571428571,0.3125,0.2857142857142857,0.1875,0.1714285714285714,7.381347429,0,-2.5881823607227576,3,0.0857142857142857,17,0.4857142857142857,"Bleday, JJ",668709,2025,25,21,0.227,0.253,-0.0259999999999999,0.273,0.31,-0.0369999999999999,0.275,0.299,-0.0239999999999999
702176,"Roden, Alan",26,0.8666666666666667,22,70.882323462,0.0769230769230769,0.3636363636363636,0.3076923076923077,0.2272727272727272,0.1923076923076923,7.165408846,1,-1.7654098537138625,4,0.1538461538461538,15,0.5769230769230769,"Roden, Alan",702176,2025,19,16,0.313,0.184,0.129,0.375,0.236,0.139,0.327,0.234,0.093
664728,"Isbel, Kyle",20,0.9090909090909092,17,70.828971,0.0,0.1764705882352941,0.15,0.0588235294117647,0.05,7.1367885,0,-1.391685027738263,3,0.15,8,0.4,"Isbel, Kyle",664728,2025,13,9,0.167,0.159,0.008,0.25,0.191,0.059,0.178,0.153,0.0249999999999999
657557,"DeJong, Paul",46,0.9019607843137256,32,70.799573261,0.1521739130434782,0.15625,0.108695652173913,0.0625,0.0434782608695652,6.483842609,1,-1.1341991479110864,14,0.3043478260869565,7,0.1521739130434782,"DeJong, Paul",657557,2025,18,7,0.235,0.178,0.0569999999999999,0.353,0.217,0.1359999999999999,0.276,0.202,0.074
573262,"Yastrzemski, Mike",22,0.9166666666666666,16,70.796504091,0.0909090909090909,0.1875,0.1363636363636363,0.125,0.0909090909090909,7.554563636,0,-0.7898977690614436,6,0.2727272727272727,6,0.2727272727272727,"Yastrzemski, Mike",573262,2025,13,8,0.417,0.312,0.1049999999999999,0.417,0.355,0.062,0.394,0.325,0.069
641487,"Crawford, J.P.",34,0.8947368421052632,25,70.726450588,0.088235294117647,0.2,0.1470588235294117,0.16,0.1176470588235294,7.189925,0,-3.0838228872097684,9,0.2647058823529412,10,0.2941176470588235,"Crawford, J.P.",641487,2025,20,11,0.067,0.205,-0.1379999999999999,0.067,0.466,-0.399,0.218,0.385,-0.167
646240,"Devers, Rafael",58,0.90625,27,70.59737931,0.1206896551724138,0.1111111111111111,0.0517241379310344,0.037037037037037,0.0172413793103448,7.269185,2,-4.910377813695758,31,0.5344827586206896,4,0.0689655172413793,"Devers, Rafael",646240,2025,23,4,0.0,0.025,-0.025,0.0,0.026,-0.026,0.121,0.14,-0.019
686681,"Massey, Michael",34,0.918918918918919,31,70.567243235,0.0294117647058823,0.2903225806451613,0.2647058823529412,0.032258064516129,0.0294117647058823,7.039399118,0,-1.3690617712740476,3,0.088235294117647,15,0.4411764705882353,"Massey, Michael",686681,2025,20,16,0.222,0.27,-0.048,0.278,0.397,-0.119,0.23,0.297,-0.0669999999999999
677587,"Rocchio, Brayan",31,0.8857142857142857,23,70.565584194,0.0967741935483871,0.3043478260869565,0.2258064516129032,0.1304347826086956,0.0967741935483871,7.268987097,1,-2.0127350790851146,8,0.2580645161290322,10,0.3225806451612903,"Rocchio, Brayan",677587,2025,17,13,0.2,0.314,-0.1139999999999999,0.2,0.418,-0.2179999999999999,0.24,0.363,-0.123
666149,"Fitzgerald, Tyler",31,0.96875,21,70.523774516,0.0,0.3333333333333333,0.2258064516129032,0.0952380952380952,0.064516129032258,7.299409355,0,-1.071983096437131,10,0.3225806451612903,8,0.2580645161290322,"Fitzgerald, Tyler",666149,2025,14,10,0.286,0.218,0.0679999999999999,0.357,0.363,-0.006,0.279,0.247,0.032
669208,"Bliss, Ryan",26,0.8666666666666667,14,70.514615769,0.0769230769230769,0.5,0.2692307692307692,0.1428571428571428,0.0769230769230769,6.674088846,1,-3.375278939756787,12,0.4615384615384615,9,0.3461538461538461,"Bliss, Ryan",669208,2025,18,10,0.067,0.133,-0.066,0.067,0.348,-0.2809999999999999,0.165,0.282,-0.1169999999999999
683734,"Vaughn, Andrew",31,0.8857142857142857,23,70.48348871,0.0967741935483871,0.4782608695652174,0.3548387096774194,0.1739130434782608,0.1290322580645161,7.52005871,1,-2.221023258254865,8,0.2580645161290322,14,0.4516129032258064,"Vaughn, Andrew",683734,2025,19,14,0.158,0.282,-0.1239999999999999,0.368,0.497,-0.129,0.22,0.332,-0.112
670623,"Paredes, Isaac",33,0.9166666666666666,26,70.31587,0.0606060606060606,0.2692307692307692,0.2121212121212121,0.1538461538461538,0.1212121212121212,8.239305152,0,-1.2216878277304857,7,0.2121212121212121,9,0.2727272727272727,"Paredes, Isaac",670623,2025,20,12,0.188,0.223,-0.035,0.25,0.306,-0.0559999999999999,0.29,0.32,-0.03
571771,"Hernández, Enrique",40,0.8888888888888888,28,70.2830765,0.05,0.2142857142857142,0.15,0.1071428571428571,0.075,7.567938,2,-1.4597660163631123,12,0.3,12,0.3,"Hernández, Enrique",571771,2025,16,12,0.133,0.221,-0.088,0.533,0.674,-0.141,0.255,0.355,-0.0999999999999999
666182,"Bichette, Bo",46,0.9019607843137256,39,70.278491957,0.2391304347826087,0.3076923076923077,0.2608695652173913,0.1282051282051282,0.108695652173913,7.232616739,2,-0.1958107101736665,7,0.1521739130434782,17,0.3695652173913043,"Bichette, Bo",666182,2025,27,21,0.375,0.359,0.016,0.458,0.569,-0.1109999999999999,0.401,0.429,-0.0279999999999999
666018,"Aranda, Jonathan",16,0.8888888888888888,12,70.24867875,0.25,0.5833333333333334,0.4375,0.5,0.375,7.319939375,1,2.067915385503914,4,0.25,8,0.5,"Aranda, Jonathan",666018,2025,12,8,0.556,0.392,0.164,1.0,0.826,0.174,0.61,0.532,0.0779999999999999
663647,"Hayes, Ke'Bryan",32,0.8888888888888888,27,70.24783,0.0937499999999999,0.4444444444444444,0.375,0.2222222222222222,0.1875,6.664745625,0,-2.422523439487037,5,0.15625,18,0.5625,"Hayes, Ke'Bryan",663647,2025,20,18,0.2,0.236,-0.0359999999999999,0.2,0.431,-0.2309999999999999,0.177,0.283,-0.1059999999999999
681082,"Stott, Bryson",28,0.9032258064516128,20,70.230366071,0.0714285714285714,0.15,0.1071428571428571,0.1,0.0714285714285714,7.243259643,1,-0.6870676948647318,8,0.2857142857142857,11,0.3928571428571428,"Stott, Bryson",681082,2025,17,11,0.2,0.141,0.059,0.533,0.248,0.285,0.349,0.226,0.1229999999999999
680574,"McLain, Matt",31,0.8857142857142857,21,70.20704,0.0967741935483871,0.5714285714285714,0.3870967741935484,0.3333333333333333,0.2258064516129032,7.095878065,1,3.5911747851721305,10,0.3225806451612903,13,0.4193548387096774,"McLain, Matt",680574,2025,22,14,0.3,0.307,-0.007,0.8,0.748,0.052,0.48,0.461,0.0189999999999999
677950,"Thomas, Alek",11,0.7857142857142857,7,70.101019091,0.0909090909090909,0.8571428571428571,0.5454545454545454,0.4285714285714285,0.2727272727272727,7.17128,0,1.321631996953187,4,0.3636363636363636,7,0.6363636363636364,"Thomas, Alek",677950,2025,11,9,0.556,0.49,0.066,0.778,0.653,0.125,0.532,0.548,-0.016
514888,"Altuve, Jose",31,0.8857142857142857,27,70.08962,0.064516129032258,0.3333333333333333,0.2903225806451613,0.037037037037037,0.032258064516129,7.469526774,1,1.3593665603629697,4,0.1290322580645161,12,0.3870967741935484,"Altuve, Jose",514888,2025,20,13,0.389,0.241,0.148,0.556,0.319,0.237,0.437,0.286,0.151
668930,"Turang, Brice",33,0.8918918918918919,27,70.088810303,0.2121212121212121,0.4444444444444444,0.3636363636363636,0.1851851851851851,0.1515151515151515,6.80006,2,0.9028671860889446,6,0.1818181818181818,15,0.4545454545454545,"Turang, Brice",668930,2025,21,16,0.368,0.344,0.024,0.526,0.49,0.036,0.383,0.437,-0.0539999999999999
665750,"Taveras, Leody",27,0.9,20,70.086557407,0.1481481481481481,0.15,0.1111111111111111,0.0,0.0,7.286890741,0,-1.3683812131331343,7,0.2592592592592592,7,0.2592592592592592,"Taveras, Leody",665750,2025,17,10,0.188,0.163,0.0249999999999999,0.188,0.189,-0.001,0.197,0.185,0.012
686668,"Doyle, Brenton",28,0.8484848484848485,22,70.068192143,0.0,0.2727272727272727,0.2142857142857142,0.0909090909090909,0.0714285714285714,7.341419643,1,-0.6732546085636936,6,0.2142857142857142,13,0.4642857142857143,"Doyle, Brenton",686668,2025,18,14,0.294,0.311,-0.017,0.294,0.465,-0.171,0.284,0.353,-0.069
665926,"Giménez, Andrés",37,0.902439024390244,31,70.055864324,0.1351351351351351,0.3870967741935484,0.3243243243243243,0.1935483870967742,0.1621621621621621,6.999042703,0,1.273116959653804,6,0.1621621621621621,16,0.4324324324324324,"Giménez, Andrés",665926,2025,26,19,0.318,0.315,0.003,0.818,0.615,0.2029999999999999,0.508,0.44,0.068
668939,"Rutschman, Adley",28,0.9032258064516128,24,70.033878571,0.0714285714285714,0.4166666666666667,0.3571428571428571,0.0833333333333333,0.0714285714285714,6.734605,1,0.1672763713903221,4,0.1428571428571428,14,0.5,"Rutschman, Adley",668939,2025,23,18,0.286,0.344,-0.0579999999999999,0.619,0.744,-0.125,0.407,0.478,-0.071
592206,"Castellanos, Nick",32,0.9142857142857144,25,69.98160875,0.125,0.28,0.21875,0.12,0.09375,7.729666563,0,0.5205067065621859,7,0.21875,11,0.34375,"Castellanos, Nick",592206,2025,17,12,0.308,0.316,-0.008,0.538,0.562,-0.024,0.439,0.445,-0.006
702616,"Holliday, Jackson",30,0.9090909090909092,23,69.950959333,0.1333333333333333,0.2608695652173913,0.2,0.0869565217391304,0.0666666666666666,6.556735667,1,1.2119667604905195,7,0.2333333333333333,10,0.3333333333333333,"Holliday, Jackson",702616,2025,20,11,0.316,0.199,0.1169999999999999,0.474,0.383,0.0909999999999999,0.358,0.269,0.0889999999999999
683737,"Busch, Michael",40,0.9090909090909092,27,69.93467775,0.125,0.3703703703703703,0.25,0.1481481481481481,0.1,7.22284925,1,-0.4318461192576501,13,0.325,16,0.4,"Busch, Michael",683737,2025,31,20,0.259,0.247,0.012,0.37,0.366,0.004,0.328,0.321,0.007
670770,"Friedl, TJ",25,0.8928571428571429,20,69.8889028,0.04,0.45,0.36,0.15,0.12,6.5709424,0,-0.9960015844489104,5,0.2,12,0.48,"Friedl, TJ",670770,2025,18,13,0.235,0.27,-0.035,0.235,0.324,-0.089,0.235,0.284,-0.0489999999999999
600869,"Candelario, Jeimer",32,0.8888888888888888,22,69.84780875,0.03125,0.3636363636363636,0.25,0.0909090909090909,0.0625,8.039410938,1,-1.27875684552295,10,0.3125,11,0.34375,"Candelario, Jeimer",600869,2025,20,11,0.222,0.152,0.07,0.222,0.191,0.031,0.246,0.202,0.0439999999999999
669257,"Smith, Will",30,0.9090909090909092,22,69.738203667,0.0666666666666666,0.4090909090909091,0.3,0.0909090909090909,0.0666666666666666,7.128579667,2,3.065444023663746,8,0.2666666666666666,12,0.4,"Smith, Will",669257,2025,24,12,0.471,0.332,0.1389999999999999,0.706,0.531,0.1749999999999999,0.562,0.466,0.096
630105,"Cronenworth, Jake",33,0.9166666666666666,22,69.468315152,0.0303030303030303,0.3636363636363636,0.2424242424242424,0.1818181818181818,0.1212121212121212,7.324540909,1,-0.3026130786712964,11,0.3333333333333333,10,0.303030303030303,"Cronenworth, Jake",630105,2025,21,11,0.294,0.256,0.0379999999999999,0.529,0.384,0.145,0.415,0.356,0.059
593871,"Polanco, Jorge",28,0.9032258064516128,23,69.423359643,0.0357142857142857,0.3043478260869565,0.25,0.1304347826086956,0.1071428571428571,7.238802143,1,1.9175940529364712,5,0.1785714285714285,10,0.3571428571428571,"Polanco, Jorge",593871,2025,16,13,0.4,0.408,-0.0079999999999999,0.6,0.62,-0.02,0.431,0.439,-0.008
686217,"Frelick, Sal",27,0.8709677419354839,22,69.323974444,0.1111111111111111,0.2727272727272727,0.2222222222222222,0.0454545454545454,0.037037037037037,6.988722963,1,-0.6258999844316427,5,0.1851851851851851,12,0.4444444444444444,"Frelick, Sal",686217,2025,21,14,0.333,0.223,0.11,0.333,0.256,0.077,0.353,0.283,0.07
807713,"Shaw, Matt",50,0.9090909090909092,32,69.2449546,0.1399999999999999,0.28125,0.18,0.03125,0.02,7.0034294,1,-1.6345582890794264,18,0.36,18,0.36,"Shaw, Matt",807713,2025,34,20,0.167,0.182,-0.0149999999999999,0.3,0.238,0.062,0.257,0.243,0.014
694384,"Schanuel, Nolan",38,0.9047619047619048,34,69.222262105,0.0789473684210526,0.3235294117647059,0.2894736842105263,0.088235294117647,0.0789473684210526,6.871543158,0,0.0355874804107094,4,0.1052631578947368,15,0.3947368421052631,"Schanuel, Nolan",694384,2025,21,17,0.286,0.253,0.0329999999999999,0.381,0.308,0.073,0.286,0.243,0.0429999999999999
609280,"Andujar, Miguel",34,0.9444444444444444,27,69.131133235,0.0,0.3703703703703703,0.2941176470588235,0.2222222222222222,0.1764705882352941,7.456245882,1,-1.3285503724722116,7,0.2058823529411764,13,0.3823529411764705,"Andujar, Miguel",609280,2025,21,14,0.278,0.288,-0.0099999999999999,0.278,0.32,-0.0419999999999999,0.31,0.328,-0.018
570482,"Urshela, Gio",30,0.9090909090909092,21,69.016625333,0.0333333333333333,0.3809523809523809,0.2666666666666666,0.1428571428571428,0.1,6.939199333,0,-2.5457882140886814,9,0.3,12,0.4,"Urshela, Gio",570482,2025,19,15,0.111,0.277,-0.166,0.111,0.353,-0.242,0.098,0.272,-0.174
680977,"Donovan, Brendan",31,0.9117647058823528,27,68.881421935,0.032258064516129,0.4074074074074074,0.3548387096774194,0.3333333333333333,0.2903225806451613,6.837566452,0,-1.3411021063767257,4,0.1290322580645161,17,0.5483870967741935,"Donovan, Brendan",680977,2025,23,19,0.25,0.313,-0.063,0.4,0.579,-0.1789999999999999,0.303,0.431,-0.128
605361,"Martini, Nick",21,0.84,17,68.768334762,0.0,0.2941176470588235,0.238095238095238,0.1176470588235294,0.0952380952380952,6.347970952,1,0.4689771160888252,4,0.1904761904761904,7,0.3333333333333333,"Martini, Nick",605361,2025,12,7,0.364,0.218,0.146,0.364,0.247,0.1169999999999999,0.353,0.247,0.1059999999999999
695238,"Wagner, Will",25,0.8928571428571429,19,68.7623812,0.0,0.5263157894736842,0.4,0.2105263157894736,0.16,6.3823732,0,0.9595901793800288,6,0.24,13,0.52,"Wagner, Will",695238,2025,19,15,0.389,0.364,0.025,0.5,0.47,0.03,0.385,0.362,0.023
664034,"France, Ty",37,0.902439024390244,29,68.72333027,0.054054054054054,0.3103448275862069,0.2432432432432432,0.1724137931034483,0.1351351351351351,7.342204865,2,-2.612503680287161,8,0.2162162162162162,14,0.3783783783783784,"France, Ty",664034,2025,20,14,0.167,0.326,-0.159,0.167,0.546,-0.379,0.204,0.408,-0.204
808982,"Lee, Jung Hoo",34,0.8947368421052632,29,68.578693824,0.0588235294117647,0.2758620689655172,0.2352941176470588,0.1034482758620689,0.088235294117647,7.565672941,0,-0.9568841718182542,5,0.1470588235294117,12,0.3529411764705882,"Lee, Jung Hoo",808982,2025,21,15,0.278,0.324,-0.0459999999999999,0.444,0.448,-0.004,0.363,0.386,-0.023
621493,"Ward, Taylor",32,0.9411764705882352,29,68.490561563,0.0625,0.4137931034482758,0.375,0.2068965517241379,0.1875,6.993914688,0,0.0345646883019721,3,0.09375,15,0.46875,"Ward, Taylor",621493,2025,22,16,0.263,0.292,-0.0289999999999999,0.316,0.487,-0.1709999999999999,0.261,0.341,-0.08
641313,"Anderson, Tim",21,0.9130434782608696,15,68.413981905,0.0,0.2,0.1428571428571428,0.0,0.0,6.832712381,1,-2.085096030532517,6,0.2857142857142857,6,0.2857142857142857,"Anderson, Tim",641313,2025,11,6,0.091,0.144,-0.0529999999999999,0.091,0.171,-0.08,0.08,0.135,-0.055
687363,"Scott II, Victor",34,0.8947368421052632,27,68.299236471,0.0294117647058823,0.2962962962962963,0.2352941176470588,0.074074074074074,0.0588235294117647,6.333115588,0,-0.3089347470402594,7,0.2058823529411764,14,0.4117647058823529,"Scott II, Victor",687363,2025,22,17,0.35,0.264,0.0859999999999999,0.55,0.416,0.134,0.382,0.297,0.085
670764,"Walls, Taylor",27,0.9,18,68.292577407,0.037037037037037,0.3888888888888889,0.2592592592592592,0.1666666666666666,0.1111111111111111,7.291604444,0,-1.4906698569985986,9,0.3333333333333333,8,0.2962962962962963,"Walls, Taylor",670764,2025,15,9,0.167,0.208,-0.0409999999999999,0.167,0.253,-0.086,0.257,0.299,-0.0419999999999999
665828,"Cabrera, Oswaldo",18,0.9,13,68.243300556,0.0,0.4615384615384615,0.3333333333333333,0.0769230769230769,0.0555555555555555,7.309282778,0,-0.1584552264357603,5,0.2777777777777778,8,0.4444444444444444,"Cabrera, Oswaldo",665828,2025,11,9,0.3,0.371,-0.071,0.3,0.48,-0.18,0.304,0.397,-0.093
595777,"Profar, Jurickson",42,0.8936170212765957,37,68.195275952,0.0476190476190476,0.1891891891891892,0.1666666666666666,0.054054054054054,0.0476190476190476,7.018680714,1,-1.2897225533897396,5,0.119047619047619,11,0.2619047619047619,"Profar, Jurickson",595777,2025,16,12,0.2,0.132,0.068,0.2,0.157,0.043,0.209,0.165,0.0439999999999999
543760,"Semien, Marcus",40,0.8695652173913043,29,68.1796665,0.1,0.2413793103448276,0.175,0.0344827586206896,0.025,7.88468025,2,-4.748185995383263,11,0.275,13,0.325,"Semien, Marcus",543760,2025,24,17,0.087,0.175,-0.088,0.087,0.237,-0.15,0.103,0.2,-0.097
681962,"Capra, Vinny",23,0.9583333333333334,16,68.123513043,0.0,0.4375,0.3043478260869565,0.0625,0.0434782608695652,7.249816522,0,-0.4311763525790245,7,0.3043478260869565,10,0.4347826086956521,"Capra, Vinny",681962,2025,12,10,0.167,0.248,-0.0809999999999999,0.417,0.466,-0.049,0.244,0.299,-0.0549999999999999
681146,"Bride, Jonah",32,0.8648648648648649,27,68.057274688,0.0,0.2962962962962963,0.25,0.037037037037037,0.03125,7.203848438,2,-2.638189071643648,5,0.15625,14,0.4375,"Bride, Jonah",681146,2025,25,14,0.1,0.178,-0.0779999999999999,0.1,0.226,-0.126,0.189,0.262,-0.073
605141,"Betts, Mookie",28,0.875,24,67.814493929,0.0714285714285714,0.375,0.3214285714285714,0.0833333333333333,0.0714285714285714,7.194628571,1,2.640198825529869,4,0.1428571428571428,13,0.4642857142857143,"Betts, Mookie",605141,2025,18,15,0.375,0.303,0.072,0.938,0.496,0.4419999999999999,0.566,0.382,0.1839999999999999
606115,"Arcia, Orlando",22,0.88,17,67.805919545,0.0454545454545454,0.2941176470588235,0.2272727272727272,0.0588235294117647,0.0454545454545454,7.531465,2,-2.2030889537143907,5,0.2272727272727272,7,0.3181818181818182,"Arcia, Orlando",606115,2025,13,8,0.154,0.16,-0.006,0.154,0.184,-0.03,0.136,0.153,-0.0169999999999999
690993,"Keith, Colt",34,0.8947368421052632,23,67.789743529,0.0294117647058823,0.1304347826086956,0.088235294117647,0.0434782608695652,0.0294117647058823,6.53984,1,-1.4605158803428495,11,0.3235294117647059,10,0.2941176470588235,"Keith, Colt",690993,2025,21,10,0.188,0.245,-0.0569999999999999,0.25,0.408,-0.1579999999999999,0.309,0.378,-0.069
645302,"Robles, Victor",44,0.8979591836734694,37,67.468931591,0.0,0.3243243243243243,0.2727272727272727,0.054054054054054,0.0454545454545454,6.733410682,1,-1.6932864557252802,7,0.1590909090909091,18,0.4090909090909091,"Robles, Victor",645302,2025,26,20,0.208,0.185,0.0229999999999999,0.292,0.237,0.0549999999999999,0.226,0.198,0.0279999999999999
664983,"McCarthy, Jake",19,0.9047619047619048,15,67.245676316,0.0,0.3333333333333333,0.2631578947368421,0.0,0.0,6.99736,0,-2.890303979286819,4,0.2105263157894736,8,0.4210526315789473,"McCarthy, Jake",664983,2025,13,9,0.0,0.096,-0.096,0.0,0.199,-0.199,0.107,0.215,-0.108
672695,"Perdomo, Geraldo",23,0.92,21,67.224816087,0.0434782608695652,0.7619047619047619,0.6956521739130435,0.1428571428571428,0.1304347826086956,6.513123043,1,1.6145034990798486,2,0.0869565217391304,17,0.7391304347826086,"Perdomo, Geraldo",672695,2025,21,19,0.389,0.268,0.121,0.444,0.397,0.0469999999999999,0.363,0.302,0.061
624428,"Frazier, Adam",26,0.9629629629629628,21,67.200207692,0.0,0.4285714285714285,0.3461538461538461,0.0,0.0,6.989273077,0,-1.498861141370868,5,0.1923076923076923,11,0.4230769230769231,"Frazier, Adam",624428,2025,17,12,0.2,0.22,-0.0199999999999999,0.2,0.259,-0.059,0.197,0.227,-0.03
663538,"Hoerner, Nico",31,0.8857142857142857,28,67.108578065,0.064516129032258,0.3214285714285714,0.2903225806451613,0.0357142857142857,0.032258064516129,7.051114194,3,-0.1080364831935822,3,0.0967741935483871,16,0.5161290322580645,"Hoerner, Nico",663538,2025,22,20,0.35,0.3,0.0499999999999999,0.35,0.349,0.001,0.345,0.319,0.0259999999999999
645277,"Albies, Ozzie",39,0.9069767441860463,31,66.854424359,0.0256410256410256,0.4516129032258064,0.358974358974359,0.064516129032258,0.0512820512820512,7.121461795,2,-2.4735762290417846,8,0.2051282051282051,18,0.4615384615384615,"Albies, Ozzie",645277,2025,24,19,0.136,0.179,-0.0429999999999999,0.273,0.339,-0.066,0.216,0.257,-0.041
660688,"Ruiz, Keibert",29,0.90625,26,66.691008621,0.0,0.3846153846153846,0.3448275862068966,0.1923076923076923,0.1724137931034483,6.968180345,0,4.109817007615366,3,0.1034482758620689,15,0.5172413793103449,"Ruiz, Keibert",660688,2025,19,16,0.412,0.365,0.0469999999999999,0.824,0.572,0.252,0.541,0.432,0.109
663968,"Mangum, Jake",24,0.8888888888888888,20,66.547060417,0.0416666666666666,0.25,0.2083333333333333,0.05,0.0416666666666666,6.20540125,0,1.437591674303333,4,0.1666666666666666,7,0.2916666666666667,"Mangum, Jake",663968,2025,12,10,0.636,0.367,0.269,0.818,0.555,0.2629999999999999,0.635,0.425,0.21
656716,"McKinstry, Zach",37,0.9487179487179488,27,66.381734054,0.0,0.4074074074074074,0.2972972972972973,0.037037037037037,0.027027027027027,6.421446757,1,-0.9454766565376784,10,0.2702702702702703,12,0.3243243243243243,"McKinstry, Zach",656716,2025,20,13,0.235,0.222,0.0129999999999999,0.353,0.297,0.0559999999999999,0.296,0.271,0.0249999999999999
643396,"Kiner-Falefa, Isiah",31,0.8857142857142857,27,66.16253129,0.0,0.4074074074074074,0.3548387096774194,0.1111111111111111,0.0967741935483871,6.92456129,0,-0.821823664314381,4,0.1290322580645161,13,0.4193548387096774,"Kiner-Falefa, Isiah",643396,2025,22,15,0.333,0.285,0.048,0.333,0.344,-0.0109999999999999,0.368,0.351,0.017
571657,"Farmer, Kyle",18,0.9,14,65.987262222,0.0,0.5,0.3888888888888889,0.0714285714285714,0.0555555555555555,6.619788889,0,-0.2676210586460542,4,0.2222222222222222,9,0.5,"Farmer, Kyle",571657,2025,12,10,0.273,0.326,-0.0529999999999999,0.273,0.379,-0.1059999999999999,0.221,0.376,-0.155
527038,"Flores, Wilmer",34,0.8947368421052632,28,65.803681765,0.0,0.4285714285714285,0.3529411764705882,0.1071428571428571,0.088235294117647,6.943441176,1,0.8449369070582093,6,0.1764705882352941,12,0.3529411764705882,"Flores, Wilmer",527038,2025,20,16,0.222,0.243,-0.0209999999999999,0.722,0.498,0.2239999999999999,0.421,0.352,0.069
500743,"Rojas, Miguel",32,0.9142857142857144,23,65.392257188,0.0,0.3043478260869565,0.21875,0.0434782608695652,0.03125,6.839461563,1,-2.7789514418172416,9,0.28125,9,0.28125,"Rojas, Miguel",500743,2025,17,13,0.063,0.168,-0.105,0.063,0.193,-0.13,0.093,0.191,-0.098
669364,"Edwards, Xavier",46,0.8846153846153846,38,65.202112609,0.0,0.2368421052631578,0.1956521739130435,0.0263157894736842,0.0217391304347826,6.452849783,1,-2.056342207454404,8,0.1739130434782608,16,0.3478260869565217,"Edwards, Xavier",669364,2025,26,17,0.182,0.315,-0.133,0.273,0.365,-0.0919999999999999,0.227,0.317,-0.09
676391,"Clement, Ernie",18,0.9473684210526316,14,64.912901111,0.0,0.5,0.3888888888888889,0.0,0.0,7.267741667,0,-1.1155700604502914,4,0.2222222222222222,9,0.5,"Clement, Ernie",676391,2025,14,10,0.167,0.124,0.043,0.25,0.186,0.064,0.218,0.172,0.046
650333,"Arraez, Luis",37,0.8809523809523809,35,63.531117027,0.0,0.4857142857142857,0.4594594594594595,0.0571428571428571,0.054054054054054,6.129174054,0,-3.0467566978210106,2,0.054054054054054,18,0.4864864864864865,"Arraez, Luis",650333,2025,26,25,0.087,0.248,-0.161,0.087,0.312,-0.225,0.099,0.25,-0.151
680757,"Kwan, Steven",32,0.8648648648648649,30,63.328644688,0.0625,0.4,0.375,0.0333333333333333,0.03125,6.366553438,0,3.050944027786465,2,0.0625,14,0.4375,"Kwan, Steven",680757,2025,22,16,0.368,0.248,0.12,0.579,0.387,0.1919999999999999,0.433,0.312,0.121
805779,"Wilson, Jacob",27,0.9,26,62.594482593,0.0,0.4230769230769231,0.4074074074074074,0.0384615384615384,0.037037037037037,5.829141111,0,0.4967444877203821,1,0.037037037037037,15,0.5555555555555556,"Wilson, Jacob",805779,2025,20,20,0.3,0.319,-0.019,0.45,0.409,0.041,0.323,0.315,0.008
