"last_name, first_name",player_id,year,pa,k_percent,bb_percent,woba,xwoba,xwobacon,sweet_spot_percent,barrel_batted_rate,hard_hit_percent,avg_best_speed,avg_hyper_speed,whiff_percent,swing_percent,season
"Goldschmidt, Paul",502671,2019,682,24.3,11.4,0.346,0.359,0.438,36.4,11.3,42.4,101.099060419,94.813832214,26.3,46.5,2019
"Senzel, Nick",669222,2019,414,24.4,7.2,0.315,0.305,0.371,31.6,8.0,38.2,98.782850588,93.504538856,23.7,49.3,2019
"Bishop, Braden",623323,2019,60,35.0,5.0,0.124,0.176,0.237,19.4,0.0,13.9,93.832196111,91.016870286,30.4,46.4,2019
"Alonso, Yonder",475174,2019,335,20.9,11.6,0.277,0.305,0.334,32.6,5.4,39.3,99.496347857,93.805879821,24.9,47.2,2019
"Pence, Hunter",452254,2019,316,21.8,8.2,0.377,0.364,0.438,36.1,9.1,42.6,102.338578519,95.514528519,31.5,51.3,2019
"Murphy, Sean",669221,2019,60,26.7,10.0,0.37,0.344,0.426,40.5,8.1,37.8,100.849058421,94.643355676,29.8,47.1,2019
"Zobrist, Ben",450314,2019,176,13.6,13.1,0.303,0.303,0.287,25.0,0.8,23.4,95.067698906,91.56974189,15.7,34.9,2019
"Brito, Sócrates",593647,2019,43,39.5,9.3,0.14,0.235,0.333,22.7,4.5,40.9,99.603857273,94.070057727,40.5,50.9,2019
"Stewart, DJ",621466,2019,142,18.3,9.9,0.299,0.306,0.331,26.7,6.9,34.7,99.2830548,93.720559899,26.2,47.7,2019
"Cordell, Ryan",641477,2019,247,27.9,7.7,0.279,0.273,0.338,25.6,6.4,32.1,98.663495342,93.444229041,31.4,49.0,2019
"Bader, Harrison",664056,2019,406,28.8,11.3,0.293,0.312,0.386,31.3,9.9,35.3,99.203015625,93.65660426,26.6,41.4,2019
"Vogelbach, Daniel",596129,2019,558,26.7,16.5,0.333,0.345,0.407,39.0,10.5,38.0,100.052249618,94.193186358,26.9,34.0,2019
"Pujols, Albert",405395,2019,545,12.5,7.9,0.308,0.319,0.331,26.5,5.8,36.6,98.702028255,93.397586981,18.2,44.5,2019
"Anderson, Brian",605119,2019,520,21.9,8.5,0.342,0.34,0.392,31.3,8.9,46.0,100.764886494,94.722101667,27.4,47.5,2019
"Hernández, Teoscar",606192,2019,464,33.0,9.7,0.325,0.312,0.428,30.6,11.7,42.3,101.608146591,95.066922348,34.8,47.3,2019
"Nola, Aaron",605400,2019,70,50.0,8.6,0.168,0.162,0.266,27.6,0.0,20.7,94.363985833,91.320340435,16.4,23.4,2019
"Mahle, Tyler",641816,2019,41,46.3,2.4,0.104,0.094,0.179,4.8,0.0,19.0,96.677195714,92.338597857,35.7,49.6,2019
"Lopez, Nicky",670032,2019,402,12.7,4.5,0.26,0.242,0.254,22.3,1.2,19.7,93.65443825,90.915877147,15.1,49.6,2019
"Narváez, Omar",553882,2019,482,19.1,9.8,0.345,0.33,0.367,40.4,5.3,28.1,95.546726667,91.774567182,22.9,47.8,2019
"Haseley, Adam",656514,2019,242,24.8,5.8,0.309,0.269,0.321,29.4,3.7,28.8,96.518718519,92.26176,28.7,49.9,2019
"Lopes, Tim",621005,2019,128,22.7,11.7,0.318,0.283,0.304,39.8,3.6,24.1,95.040932857,91.572811205,28.0,46.4,2019
"Brown, Seth",664913,2019,83,27.7,8.4,0.347,0.302,0.375,34.6,11.5,38.5,99.994413077,94.164759038,31.8,44.4,2019
"Kelly, Carson",608348,2019,365,21.6,13.2,0.339,0.34,0.394,39.8,8.5,40.4,99.326221441,93.845580894,23.3,41.9,2019
"Trevino, Jose",624431,2019,126,21.4,2.4,0.274,0.258,0.318,29.2,2.1,35.4,98.008592708,93.056973158,22.7,48.6,2019
"Hedges, Austin",595978,2019,347,31.4,7.8,0.242,0.265,0.346,32.0,8.3,32.5,97.733819802,92.919899257,33.3,51.3,2019
"Peralta, David",444482,2019,423,20.6,8.3,0.338,0.304,0.344,29.1,5.4,40.9,100.762306892,94.542203682,24.4,50.4,2019
"Calhoun, Kole",594777,2019,632,25.6,11.1,0.33,0.339,0.417,35.2,11.2,42.6,99.943105052,94.209946136,32.1,48.2,2019
"Díaz, Yandy",650490,2019,347,17.6,10.1,0.341,0.355,0.395,34.0,10.4,44.8,102.453884,95.60036348,22.3,44.9,2019
"Segura, Jean",516416,2019,618,11.8,4.9,0.315,0.31,0.327,31.0,3.2,32.7,98.140826245,93.158728356,14.6,47.5,2019
"León, Sandy",506702,2019,191,24.6,6.8,0.239,0.222,0.252,32.3,1.5,25.4,95.365804603,91.71542384,20.4,45.3,2019
"Alonso, Pete",624413,2019,693,26.4,10.4,0.384,0.38,0.482,36.9,15.8,42.7,103.52161466,95.867841481,28.0,46.6,2019
"Goodwin, Brian",571718,2019,458,28.2,8.3,0.332,0.303,0.388,38.5,6.3,33.3,97.895933357,92.953846607,27.7,42.2,2019
"Leyba, Domingo",642736,2019,30,30.0,13.3,0.34,0.286,0.343,47.1,0.0,23.5,93.045897778,91.225428235,29.7,51.6,2019
"Tovar, Wilfredo",541600,2019,88,17.0,5.7,0.217,0.26,0.285,36.8,0.0,29.4,96.696282059,92.363879559,13.3,51.8,2019
"Heyward, Jason",518792,2019,589,18.7,11.5,0.328,0.323,0.349,31.8,5.7,36.5,99.605955423,93.856621272,22.7,45.5,2019
"Rodríguez, Ronny",500135,2019,294,27.9,4.4,0.283,0.289,0.385,29.6,7.5,40.4,99.725441875,93.96272089,35.9,55.7,2019
"Flaherty, Jack",656427,2019,66,25.8,3.0,0.195,0.206,0.281,31.9,0.0,19.1,95.915117059,92.102429697,27.5,44.3,2019
"Bogaerts, Xander",593428,2019,698,17.5,10.9,0.39,0.356,0.393,35.1,8.6,44.5,101.168690363,94.874752258,20.9,41.1,2019
"López, Pablo",641154,2019,36,52.8,0.0,0.169,0.173,0.407,35.3,5.9,23.5,98.738554286,93.754477857,51.8,61.5,2019
"Valera, Breyvic",591971,2019,52,13.5,7.7,0.297,0.274,0.269,37.5,0.0,30.0,94.644132,91.408413077,11.8,45.4,2019
"Keuchel, Dallas",572971,2019,41,68.3,2.4,0.138,0.096,0.306,16.7,0.0,25.0,95.037058,91.691502,49.4,47.9,2019
"DeShields, Delino",592261,2019,408,24.5,9.3,0.295,0.273,0.314,34.1,2.2,24.3,95.350649508,91.685580656,22.2,43.4,2019
"Wilkerson, Stevie",592859,2019,361,29.9,6.1,0.286,0.253,0.319,33.5,3.6,30.4,95.932262973,91.984574253,27.4,46.0,2019
"Fisher, Derek",605233,2019,167,34.1,12.6,0.285,0.3,0.402,34.8,12.4,44.3,102.661998864,95.755711839,38.6,37.2,2019
"Stassi, Max",545358,2019,147,33.3,8.2,0.177,0.233,0.298,21.2,3.5,41.0,99.121789048,93.808570723,32.8,45.4,2019
"Crawford, J.P.",641487,2019,396,21.0,10.9,0.296,0.292,0.316,34.7,3.4,24.8,95.368146183,91.765717405,21.0,43.3,2019
"Gerber, Mike",595222,2019,26,57.7,7.7,0.1,0.158,0.304,11.1,11.1,44.4,100.601032,95.169371111,58.1,54.4,2019
"Gonzalez, Gio",461829,2019,28,60.7,3.6,0.06,0.076,0.161,20.0,0.0,0.0,86.694,88.47823125,56.9,50.0,2019
"Sucre, Jesús",491696,2019,67,19.4,6.0,0.231,0.257,0.28,36.7,0.0,26.5,96.6443816,92.884440204,11.9,45.2,2019
"Kiner-Falefa, Isiah",643396,2019,222,22.1,6.3,0.272,0.263,0.296,29.7,1.3,33.5,96.966178831,92.619608506,18.9,43.0,2019
"Verdugo, Alex",657077,2019,377,13.0,6.9,0.341,0.339,0.363,33.7,5.7,39.7,99.832463784,94.053509966,16.0,44.6,2019
"Reynolds, Bryan",668804,2019,546,22.2,8.4,0.371,0.359,0.429,37.0,6.7,41.6,100.231643152,94.403448207,26.3,48.0,2019
"McCutchen, Andrew",457705,2019,262,21.0,16.4,0.358,0.357,0.39,32.9,7.3,40.9,100.045469024,94.285084695,25.7,35.5,2019
"Parra, Gerardo",467827,2019,301,19.6,6.3,0.288,0.296,0.338,35.8,4.6,21.6,95.14028514,91.596039296,22.7,50.0,2019
"Brinson, Lewis",621446,2019,248,29.8,5.2,0.205,0.246,0.311,25.8,3.9,32.9,98.122297237,93.07441625,32.8,52.7,2019
"Lugo, Dawel",608475,2019,288,20.5,2.8,0.272,0.287,0.346,37.2,4.6,36.7,98.17526367,93.11062078,21.3,54.8,2019
"Lowe, Brandon",664040,2019,327,34.6,7.6,0.354,0.34,0.492,40.2,16.3,46.2,101.287092967,95.215649341,37.7,54.2,2019
"Walker, Neil",435522,2019,381,20.2,11.0,0.319,0.339,0.383,40.6,6.5,31.0,96.257698626,92.144668659,26.6,46.5,2019
"Ozuna, Marcell",542303,2019,549,20.8,11.3,0.336,0.375,0.44,32.8,12.1,49.2,102.910036923,95.876849368,27.6,44.9,2019
"Seager, Corey",608369,2019,541,18.1,8.1,0.34,0.331,0.373,35.2,7.3,38.2,98.778797128,93.502181872,25.7,51.1,2019
"Cave, Jake",595909,2019,228,31.1,9.2,0.343,0.359,0.481,38.3,12.5,43.8,100.842377969,94.839403906,31.8,47.7,2019
"Gray, Sonny",543243,2019,60,31.7,3.3,0.169,0.127,0.177,5.1,0.0,13.2,93.497447692,91.0103428,26.9,50.2,2019
"Adams, Matt",571431,2019,333,34.5,6.0,0.306,0.32,0.468,39.8,14.8,43.9,101.473347857,94.825083538,33.4,50.1,2019
"Tatis Jr., Fernando",665487,2019,372,29.6,8.1,0.398,0.347,0.463,33.5,13.2,44.1,102.598001071,95.498050135,35.2,47.7,2019
"Davis, Khris",501981,2019,533,27.4,8.8,0.289,0.317,0.404,31.5,9.8,40.4,100.123268606,94.332532128,34.9,51.8,2019
"Odor, Rougned",596059,2019,581,30.6,9.0,0.302,0.321,0.429,30.6,13.6,45.6,101.734976168,95.31182003,29.2,47.9,2019
"Aguilar, Jesús",542583,2019,369,22.0,11.7,0.307,0.333,0.378,33.8,7.5,38.3,100.181083417,94.208859417,26.0,44.3,2019
"Musgrove, Joe",605397,2019,61,31.1,3.3,0.183,0.217,0.316,27.5,5.0,27.5,98.251830667,93.125915333,36.3,59.2,2019
"Hanson, Alen",593700,2019,48,35.4,6.3,0.174,0.2,0.274,22.2,0.0,22.2,93.384578462,90.8057644,32.1,62.9,2019
"Kieboom, Carter",666198,2019,43,37.2,9.3,0.204,0.281,0.423,43.5,8.7,43.5,98.9199875,94.26274,26.7,35.7,2019
"Voit III, Luke",572228,2019,510,27.8,13.9,0.36,0.368,0.462,39.6,13.9,42.4,101.044367708,94.803622951,35.1,47.3,2019
"Barreto, Franklin",620439,2019,58,39.7,1.7,0.166,0.21,0.341,29.4,11.8,35.3,99.125072941,93.740435152,40.7,47.7,2019
"Bichette, Bo",666182,2019,212,23.6,6.6,0.384,0.337,0.415,36.1,8.8,43.5,100.354957808,94.381930137,24.5,53.3,2019
"Holaday, Bryan",592407,2019,129,16.3,8.5,0.326,0.277,0.295,33.3,1.0,34.4,97.1413175,92.700120737,20.4,44.9,2019
"Murphy, Tom",608596,2019,281,31.0,6.8,0.355,0.299,0.404,32.2,10.9,44.8,100.979318161,94.820561092,30.7,44.9,2019
"Kershaw, Clayton",477132,2019,65,24.6,1.5,0.108,0.123,0.169,6.3,0.0,10.9,93.136463571,90.832752222,26.3,50.6,2019
"Bell, Josh",605137,2019,613,19.2,12.1,0.378,0.386,0.448,34.6,12.7,47.2,103.082487171,96.001241809,25.3,48.1,2019
"Hernández, Marco",593523,2019,155,27.1,1.9,0.266,0.234,0.302,27.1,1.9,22.4,94.894842692,91.532661456,35.7,60.4,2019
"Mercer, Jordy",474568,2019,271,21.0,4.8,0.314,0.315,0.379,37.2,6.5,36.2,98.1160568,93.092855879,21.0,41.4,2019
"Turner, Trea",607208,2019,569,19.9,7.6,0.356,0.339,0.394,29.8,6.8,42.0,101.230091659,94.839620073,23.4,46.9,2019
"Duvall, Adam",594807,2019,130,30.0,5.4,0.36,0.327,0.442,30.5,15.9,32.9,100.130390488,94.306709012,28.3,48.7,2019
"Bour, Justin",571506,2019,170,30.6,10.0,0.267,0.287,0.366,29.0,11.0,42.9,100.894154082,94.593140408,29.4,44.1,2019
"Murphy, John Ryan",571974,2019,70,40.0,8.6,0.276,0.285,0.447,44.4,11.1,27.8,97.257443529,92.685485,38.8,49.8,2019
"Owings, Chris",572008,2019,196,39.8,7.1,0.198,0.237,0.346,25.5,6.9,31.4,96.987664314,92.542667129,34.1,45.4,2019
"Ramos, Wilson",467092,2019,524,13.2,8.4,0.327,0.314,0.328,25.8,4.7,42.5,100.551024657,94.552424005,20.5,53.9,2019
"Smith, Caleb",592761,2019,49,30.6,0.0,0.23,0.195,0.3,21.2,0.0,36.4,99.8639275,94.558151304,29.5,54.9,2019
"Brantley Jr., Michael",488726,2019,637,10.4,8.0,0.367,0.357,0.368,36.3,5.5,37.3,98.944887791,93.592931345,10.7,43.8,2019
"Santana, Carlos",467793,2019,686,15.7,15.7,0.38,0.367,0.383,29.1,9.6,44.9,101.70770382,95.190037742,20.4,39.5,2019
"Brault, Steven",643230,2019,50,16.0,2.0,0.332,0.298,0.356,29.3,2.4,24.4,94.358668824,91.566460588,22.0,60.7,2019
"Urena, Richard",620446,2019,80,28.7,2.5,0.258,0.232,0.309,27.8,0.0,29.6,95.654906,91.827453,31.7,62.3,2019
"Zimmerman, Ryan",475582,2019,190,20.5,8.9,0.313,0.325,0.374,32.8,7.5,49.3,102.074712388,95.398411343,26.6,40.6,2019
"Ahmed, Nick",605113,2019,625,18.1,8.3,0.315,0.321,0.357,35.7,6.6,34.0,97.728699383,92.939083223,21.3,49.5,2019
"Piscotty, Stephen",572039,2019,393,21.4,7.4,0.306,0.318,0.373,31.8,7.6,41.0,100.01466763,94.14751263,28.9,51.0,2019
"Santana, Domingo",570267,2019,507,32.3,9.9,0.326,0.342,0.478,40.1,12.1,42.1,100.050234643,94.228038964,31.9,46.8,2019
"Court, Ryan",606956,2019,25,44.0,4.0,0.258,0.291,0.506,46.2,15.4,30.8,94.17738,92.903143846,36.2,42.7,2019
"Guillorme, Luis",641645,2019,70,20.0,10.0,0.299,0.303,0.336,32.7,6.1,26.5,95.879509565,91.968549783,19.3,39.3,2019
"Dozier, Hunter",641531,2019,586,25.3,9.4,0.36,0.338,0.418,35.8,10.0,42.9,102.015977632,95.204411763,27.0,44.7,2019
"Ray, Robbie",592662,2019,60,46.7,0.0,0.063,0.092,0.187,12.5,0.0,6.3,89.566457692,89.6630044,45.3,53.0,2019
"O'Brien, Peter",598284,2019,47,40.4,8.5,0.234,0.257,0.375,21.7,4.3,43.5,101.746666667,95.172173913,36.0,45.2,2019
"Skole, Matt",605474,2019,80,38.8,8.8,0.232,0.216,0.297,33.3,0.0,14.3,91.792311905,90.534588095,29.6,43.2,2019
"White, Tyler",643603,2019,279,28.0,12.9,0.274,0.273,0.312,30.9,3.6,30.4,96.349605679,92.201128944,23.6,41.4,2019
"Sánchez, Aníbal",434671,2019,56,42.9,0.0,0.1,0.121,0.237,25.0,0.0,0.0,88.564029231,89.0411444,38.8,53.3,2019
"Maybin, Cameron",457727,2019,269,26.8,11.2,0.362,0.339,0.422,35.9,10.2,39.5,99.597751446,93.959264182,28.3,41.9,2019
"Wolters, Tony",547172,2019,411,16.5,8.8,0.29,0.286,0.298,37.5,0.0,19.7,93.761511081,90.91707878,20.0,44.6,2019
"Lester, Jon",452657,2019,53,37.7,9.4,0.246,0.207,0.271,28.6,0.0,21.4,94.614571538,91.326169231,30.0,36.7,2019
"Moreland, Mitch",519048,2019,335,22.1,10.1,0.347,0.352,0.415,33.2,11.5,45.6,101.731563274,95.18590146,28.0,49.0,2019
"Vargas, Ildemaro",545121,2019,211,11.4,4.3,0.3,0.289,0.308,25.8,3.4,30.3,96.704520114,92.377253352,12.2,44.6,2019
"Alberto, Hanser",593643,2019,550,9.1,2.9,0.318,0.3,0.316,32.5,2.9,18.5,94.197573506,91.107926269,14.5,59.1,2019
"Smoak, Justin",475253,2019,500,21.2,15.8,0.323,0.368,0.408,37.5,11.0,39.8,99.901978766,94.097331558,23.9,39.7,2019
"Kramer, Kevin",596012,2019,50,34.0,12.0,0.212,0.253,0.314,40.7,7.4,37.0,96.13957,92.318561481,24.3,48.0,2019
"Shuck, JB",543776,2019,57,17.5,14.0,0.279,0.309,0.299,26.3,0.0,28.9,96.099028333,92.049514167,17.3,45.0,2019
"Knapp, Andrew",595284,2019,160,31.9,11.3,0.282,0.299,0.392,36.4,9.1,42.0,99.13086561,93.935779634,31.2,51.8,2019
"Wacha, Michael",608379,2019,39,53.8,0.0,0.155,0.088,0.212,16.7,0.0,16.7,91.820245714,91.05298,34.7,32.7,2019
"Fowler, Dexter",451594,2019,574,24.7,12.9,0.326,0.34,0.397,40.6,7.4,28.7,96.524358779,92.292498076,27.1,42.9,2019
"Viloria, Meibrys",650619,2019,148,29.7,6.8,0.236,0.213,0.264,18.1,1.1,27.7,97.013684222,92.655400337,28.6,44.8,2019
"Eflin, Zach",621107,2019,52,51.9,0.0,0.146,0.154,0.351,24.0,0.0,16.0,93.422397,90.972464,48.1,58.9,2019
"Sanchez, Adrián",506703,2019,32,31.3,3.1,0.212,0.196,0.266,23.8,0.0,33.3,98.541666364,93.764682381,28.1,49.6,2019
"Happ, Ian",664023,2019,156,25.0,9.6,0.368,0.342,0.423,27.5,13.7,38.2,99.347177451,93.811333366,30.4,51.9,2019
"Mendick, Danny",664901,2019,40,27.5,2.5,0.332,0.257,0.345,39.3,0.0,21.4,95.632267143,92.04417037,28.4,45.7,2019
"Reed, AJ",607223,2019,49,42.9,8.2,0.185,0.202,0.298,20.8,8.3,33.3,97.338569167,92.703930833,38.5,46.4,2019
"Severino, Pedro",600474,2019,341,21.4,8.5,0.316,0.336,0.391,35.7,8.5,33.6,99.019749573,93.539727039,24.9,44.1,2019
"Rosario, Amed",642708,2019,655,18.9,4.7,0.318,0.317,0.372,35.0,4.2,39.5,98.795593821,93.60288,24.2,52.0,2019
"Suzuki, Kurt",435559,2019,309,11.7,6.5,0.337,0.338,0.351,39.7,6.5,32.4,97.198997419,92.618344818,18.7,51.9,2019
"Ryu, Hyun Jin",547943,2019,67,34.3,6.0,0.202,0.207,0.308,15.0,5.0,15.0,95.291394286,91.805958571,21.2,37.9,2019
"Mondesi, Adalberto",609275,2019,443,29.8,4.3,0.298,0.283,0.387,31.2,8.6,34.0,98.586377622,93.416701224,37.9,58.1,2019
"Starling, Bubba",605490,2019,197,28.4,4.6,0.247,0.243,0.315,36.6,2.3,17.6,92.948463594,90.804861102,29.7,49.7,2019
"Wheeler, Zack",554430,2019,64,29.7,3.1,0.246,0.214,0.27,29.3,2.4,14.6,90.346693333,90.460985714,29.9,59.1,2019
"Grisham, Trent",663757,2019,183,26.2,10.9,0.316,0.316,0.374,33.3,5.4,34.6,98.209223462,93.130525,22.7,38.5,2019
"Forsythe, Logan",523253,2019,367,27.2,12.0,0.298,0.32,0.386,39.7,5.5,40.1,98.349886972,93.432547143,21.3,32.7,2019
"Hampson, Garrett",641658,2019,327,26.9,7.3,0.292,0.265,0.331,30.2,3.7,26.2,96.269536931,92.153434307,22.9,40.5,2019
"Ramirez, Hanley",434670,2019,57,29.8,14.0,0.278,0.296,0.355,50.0,6.3,43.8,101.600645,94.998582813,36.8,46.1,2019
"Hendricks, Kyle",543294,2019,64,45.3,3.1,0.165,0.155,0.274,15.6,0.0,18.8,96.35672,92.17836,34.6,47.9,2019
"Frazier, Adam",624428,2019,608,12.3,6.6,0.32,0.318,0.333,36.4,1.9,28.3,96.108033475,92.07951087,15.6,48.1,2019
"Arrieta, Jake",453562,2019,50,38.0,2.0,0.155,0.2,0.327,30.0,0.0,26.7,96.891474167,92.91996913,35.4,44.1,2019
"Tapia, Raimel",606132,2019,447,22.4,4.7,0.307,0.285,0.347,36.5,3.7,31.6,96.957221534,92.526824862,26.8,58.8,2019
"Herrmann, Chris",543302,2019,94,30.9,9.6,0.248,0.294,0.386,26.8,7.1,32.1,98.134385556,93.087545,29.5,47.3,2019
"Hoerner, Nico",663538,2019,82,13.4,3.7,0.305,0.315,0.355,36.8,1.5,23.5,94.658482059,91.329241029,18.1,57.4,2019
"Solak, Nick",669256,2019,135,21.5,11.1,0.375,0.339,0.377,33.3,9.2,32.2,98.107902955,93.128358161,22.4,42.2,2019
"Kemp, Tony",643393,2019,279,16.8,8.2,0.285,0.258,0.257,27.6,1.5,15.7,93.517128737,90.776784603,19.0,46.6,2019
"Garcia, Greg",594824,2019,372,22.3,14.2,0.319,0.294,0.302,29.0,2.6,27.0,96.047828571,92.035017946,16.0,34.3,2019
"Holt, Brock",571788,2019,295,19.3,9.5,0.333,0.301,0.326,31.6,1.5,30.6,96.253581262,92.229271359,18.7,42.1,2019
"Dini, Nick",664926,2019,64,28.1,6.3,0.269,0.281,0.347,35.0,7.5,40.0,98.9452295,93.858204359,26.9,55.8,2019
"Yamamoto, Jordan",657141,2019,26,34.6,3.8,0.071,0.152,0.221,12.5,0.0,12.5,91.540053333,90.87534,23.3,44.3,2019
"Austin, Tyler",592122,2019,179,37.4,13.4,0.298,0.32,0.473,27.3,15.9,48.8,102.850681628,95.936979059,39.4,42.5,2019
"Prado, Martín",445988,2019,260,15.8,4.6,0.243,0.273,0.303,31.9,0.5,28.5,96.085245962,92.064252512,13.9,43.6,2019
"Kipnis, Jason",543401,2019,511,17.2,7.8,0.301,0.316,0.351,33.1,5.5,34.4,97.701285761,92.914942527,20.4,46.3,2019
"Allen, Austin",664119,2019,71,29.6,8.5,0.23,0.194,0.253,31.8,2.3,15.9,93.18598619,90.768738333,29.5,52.0,2019
"Quintana, Jose",500779,2019,63,42.9,0.0,0.087,0.102,0.213,8.3,0.0,11.4,90.804313333,90.367991667,40.4,59.6,2019
"Muñoz, Yairo",622168,2019,181,20.4,3.9,0.281,0.245,0.285,27.9,1.5,25.0,95.214838824,91.634442593,27.2,60.1,2019
"Stubbs, Garrett",596117,2019,39,17.9,10.3,0.254,0.275,0.285,28.6,0.0,28.6,95.157315,91.5786575,22.4,59.8,2019
"Belt, Brandon",474832,2019,616,20.6,13.5,0.319,0.346,0.385,41.4,8.7,35.7,97.86413404,92.972052601,22.8,46.3,2019
"Story, Trevor",596115,2019,656,26.5,8.8,0.38,0.341,0.428,36.5,8.6,46.0,101.223764423,95.034883125,26.4,48.1,2019
"Harper, Bryce",547180,2019,682,26.1,14.5,0.365,0.387,0.488,37.6,14.8,45.6,103.137354264,96.043547766,33.8,48.7,2019
"Chavis, Michael",656308,2019,382,33.2,8.1,0.323,0.302,0.419,32.3,11.4,35.5,100.213843545,94.183450457,38.4,51.6,2019
"Garneau, Dustin",572863,2019,101,21.8,9.9,0.33,0.292,0.303,20.3,4.7,25.0,95.041371563,91.599457188,20.3,46.5,2019
"Kelly, Merrill",518876,2019,60,41.7,3.3,0.042,0.117,0.198,9.1,0.0,9.1,90.612744,89.925513684,28.8,50.5,2019
"Rodgers, Brendan",663898,2019,81,33.3,4.9,0.234,0.205,0.267,20.4,4.1,32.7,97.5030112,92.854677959,31.1,54.8,2019
"Chacín, Jhoulys",468504,2019,25,40.0,4.0,0.175,0.151,0.221,21.4,7.1,28.6,96.089918571,92.201085,25.0,41.4,2019
"Rengifo, Luis",650859,2019,406,22.9,9.9,0.298,0.306,0.347,31.0,6.0,29.9,97.485341145,92.743079656,25.1,44.5,2019
"Freeman, Freddie",518692,2019,692,18.4,12.6,0.387,0.397,0.452,40.0,12.3,42.5,100.291077106,94.346356255,24.3,52.1,2019
"Judge, Aaron",592450,2019,447,31.5,14.3,0.382,0.402,0.563,40.3,20.2,58.4,107.048947731,98.862456513,36.7,42.0,2019
"Núñez, Renato",600524,2019,599,23.9,7.3,0.323,0.335,0.406,32.1,10.7,40.9,101.416437214,94.827385786,27.4,49.5,2019
"Reyes, Pablo",622569,2019,157,22.9,8.3,0.26,0.241,0.263,24.3,3.7,29.2,97.382838868,92.770446571,23.0,45.0,2019
"Beckham, Gordon",493596,2019,240,28.3,5.4,0.274,0.278,0.355,36.8,9.0,36.8,97.900013077,92.982090516,27.7,50.5,2019
"Núñez, Eduardo",456488,2019,174,15.5,2.3,0.233,0.247,0.281,24.5,1.4,32.9,98.394789296,93.198387113,16.9,53.7,2019
"Stamets, Eric",608715,2019,48,50.0,10.4,0.118,0.186,0.294,36.8,5.3,21.1,94.903665556,91.451832778,41.9,48.4,2019
"Wainwright, Adam",425794,2019,59,33.9,3.4,0.177,0.204,0.308,27.0,0.0,22.2,96.535928667,92.278799,34.4,59.5,2019
"Pearce, Steve",456665,2019,99,31.3,7.1,0.224,0.26,0.337,35.6,5.1,33.9,98.560334667,93.525179153,31.3,47.8,2019
"Ohtani, Shohei",660271,2019,425,25.9,7.8,0.352,0.35,0.446,31.7,12.2,47.1,102.948367482,96.064857014,27.4,49.3,2019
"Hechavarría, Adeiny",588751,2019,221,21.7,6.3,0.312,0.292,0.338,30.8,5.8,30.1,96.943622105,92.598858355,24.3,53.5,2019
"Mercado, Óscar",640458,2019,482,17.4,5.8,0.321,0.308,0.345,33.4,4.1,34.2,97.887426023,92.995281966,23.4,51.5,2019
"Jiménez, Eloy",650391,2019,504,26.6,6.0,0.343,0.347,0.45,32.4,12.8,47.9,102.681413214,95.727878512,32.8,49.9,2019
"Osuna, José",591741,2019,285,16.8,6.3,0.32,0.329,0.37,32.3,5.1,37.4,99.311936449,93.80543472,22.6,51.3,2019
"Cabrera, Melky",466320,2019,397,10.3,4.3,0.301,0.298,0.317,32.8,2.1,33.0,98.235874132,93.127403623,15.6,52.2,2019
"VanMeter, Josh",642165,2019,260,21.5,11.2,0.316,0.325,0.366,37.0,4.0,38.1,98.908482262,93.627792814,22.4,39.8,2019
"Gomes, Yan",543228,2019,358,23.5,10.6,0.298,0.302,0.35,32.0,6.9,36.1,98.060562348,93.052168304,25.5,49.7,2019
"Donaldson, Josh",518626,2019,659,23.5,15.2,0.377,0.385,0.453,33.3,15.7,50.5,103.481444646,96.329034343,29.9,43.9,2019
"Swanson, Dansby",621020,2019,545,22.8,9.4,0.317,0.35,0.418,36.7,10.1,41.6,99.797419121,94.192917747,27.6,45.9,2019
"Drury, Brandon",592273,2019,447,25.3,5.6,0.271,0.306,0.386,36.7,9.1,36.7,99.247389221,93.624401006,27.6,47.4,2019
"Cabrera, Miguel",408234,2019,549,19.7,8.7,0.318,0.331,0.379,38.5,6.4,44.4,100.398112564,94.438305641,24.4,49.6,2019
"McCann, James",543510,2019,476,28.8,6.3,0.333,0.323,0.427,36.0,9.2,44.2,100.577583974,94.572465629,28.7,49.6,2019
"Conforto, Michael",624424,2019,648,23.0,13.0,0.358,0.371,0.437,35.8,11.9,39.2,100.0477863,94.1312909,27.1,45.8,2019
"Gallo, Joey",608336,2019,297,38.4,17.5,0.401,0.395,0.635,34.9,26.4,53.1,107.288990484,98.537980565,41.6,40.8,2019
"Martinez, J.D.",502110,2019,657,21.0,11.0,0.386,0.4,0.48,41.9,12.0,48.3,102.267810181,95.582029229,26.7,49.5,2019
"Pollock, AJ",572041,2019,342,21.6,6.7,0.333,0.329,0.386,29.8,8.0,39.9,99.774752521,94.228176962,26.6,46.9,2019
"Alvarez, Yordan",670541,2019,369,25.5,14.1,0.432,0.408,0.518,39.4,16.7,48.9,103.966041818,96.433098402,25.1,43.2,2019
"Paddack, Chris",663978,2019,46,41.3,0.0,0.104,0.113,0.207,22.2,0.0,18.5,93.9900375,91.346976087,30.8,47.0,2019
"Duffy, Matt",622110,2019,169,17.2,11.2,0.299,0.311,0.319,27.7,1.7,33.6,97.2121725,92.712751345,18.9,39.4,2019
"Mahtook, Mikie",543484,2019,25,44.0,8.0,0.055,0.19,0.282,0.0,8.3,25.0,98.412225,93.2061125,36.8,36.2,2019
"Votto, Joey",458015,2019,608,20.2,12.5,0.332,0.347,0.387,40.7,6.9,38.2,98.39220904,93.284395747,19.6,41.5,2019
"Phegley, Josh",572033,2019,342,18.4,4.4,0.291,0.286,0.324,34.5,3.1,24.3,95.244284252,91.664517154,22.6,47.5,2019
"Gurriel Jr., Yuli",493329,2019,612,10.6,6.0,0.364,0.321,0.333,33.5,3.6,38.1,99.115304494,93.675495972,14.8,49.7,2019
"Wallach, Chad",595453,2019,54,22.2,11.1,0.309,0.359,0.428,27.8,13.9,38.9,99.716542353,94.006236765,27.4,48.4,2019
"Williams, Trevor",592866,2019,44,38.6,4.5,0.174,0.176,0.285,28.0,0.0,4.0,90.40800125,89.44889625,24.3,41.4,2019
"Kinsler, Ian",435079,2019,281,19.2,6.8,0.277,0.254,0.273,33.7,1.5,23.4,94.48613099,91.246012376,19.0,47.6,2019
"Farmer, Kyle",571657,2019,197,29.9,5.1,0.289,0.29,0.394,32.0,5.6,29.7,96.32916339,92.228383162,29.0,50.8,2019
"Chang, Yu",644374,2019,84,26.2,13.1,0.254,0.299,0.344,25.5,5.9,31.4,98.666300385,93.522538235,25.6,47.6,2019
"Pivetta, Nick",601713,2019,27,70.4,3.7,0.093,0.072,0.224,0.0,0.0,14.3,89.054953333,90.756924,63.4,36.6,2019
"Mancini III, Trey",641820,2019,679,21.1,9.3,0.373,0.362,0.424,36.4,10.3,42.7,101.635240474,95.06039847,26.9,48.1,2019
"Solarte, Yangervis",500208,2019,78,20.5,5.1,0.236,0.262,0.313,37.9,3.4,22.4,94.23708069,91.540650526,18.5,50.5,2019
"Riddle, JT",595375,2019,139,30.2,3.6,0.25,0.259,0.35,30.0,8.9,30.0,97.278215111,92.642046333,34.8,52.5,2019
"Jones, Adam",430945,2019,528,19.1,5.9,0.308,0.319,0.366,31.3,6.7,31.0,97.264484508,92.647410494,26.7,54.5,2019
"Rickard, Joey",572073,2019,189,26.5,9.5,0.29,0.275,0.32,32.2,3.4,21.2,94.484835593,91.263949746,23.4,46.8,2019
"Cooper, Garrett",643265,2019,421,26.1,7.8,0.337,0.345,0.436,33.7,9.5,40.3,101.240205,94.656264816,23.4,48.4,2019
"Freeland, Kyle",607536,2019,31,48.4,9.7,0.147,0.146,0.239,7.7,0.0,30.8,100.174196667,95.50365,38.8,42.2,2019
"Herrera, Odúbel",546318,2019,139,23.7,7.9,0.272,0.278,0.322,36.2,4.3,30.9,97.56891617,92.836191596,28.5,52.0,2019
"Bruce, Jay",457803,2019,333,24.6,5.7,0.318,0.346,0.443,33.8,13.4,43.7,101.125155856,94.795881176,30.7,56.2,2019
"Desmond, Ian",435622,2019,482,24.7,7.1,0.328,0.339,0.425,32.4,10.4,42.5,102.261864356,95.3313524,26.6,46.0,2019
"Villar, Jonathan",542340,2019,714,24.6,8.5,0.335,0.315,0.381,30.3,6.8,37.1,100.064624522,94.076027283,27.5,49.8,2019
"Hicks, John",543308,2019,333,32.7,3.9,0.259,0.248,0.349,34.1,6.6,29.9,98.566847308,93.283615337,35.6,62.0,2019
"Dozier, Brian",572821,2019,482,21.8,12.7,0.329,0.33,0.368,32.4,6.7,35.4,97.965853419,93.121791871,24.3,39.3,2019
"McKinney, Billy",641856,2019,276,26.4,6.9,0.291,0.278,0.343,31.3,6.6,31.9,97.528593667,92.792045531,26.3,46.4,2019
"Castro, Starlin",516770,2019,676,16.4,4.1,0.307,0.314,0.359,29.6,6.2,37.7,99.25870618,93.71512167,19.1,49.2,2019
"Casali, Curt",592200,2019,236,25.0,10.6,0.316,0.309,0.369,42.4,6.0,31.0,95.934453836,91.994587103,22.2,43.1,2019
"Morrison, Logan",489149,2019,38,26.3,7.9,0.28,0.289,0.357,24.0,12.0,28.0,97.494765385,92.9705736,24.1,53.2,2019
"Travis, Sam",607752,2019,157,22.9,7.0,0.273,0.285,0.341,27.5,7.3,40.4,100.791608545,94.488310092,22.2,52.6,2019
"Strange-Gordon, Dee",543829,2019,421,14.5,4.3,0.282,0.263,0.288,28.2,0.0,19.0,93.293252484,90.721132516,15.9,55.3,2019
"Pérez, Roberto",547379,2019,449,28.3,10.0,0.326,0.321,0.408,32.6,11.0,41.3,101.381071221,94.869235939,30.0,39.8,2019
"McBroom, Ryan",643436,2019,83,30.1,8.4,0.318,0.325,0.428,38.0,8.0,36.0,99.3546104,93.6846102,25.5,42.3,2019
"Martini, Nick",605361,2019,109,23.9,12.8,0.291,0.29,0.313,29.4,1.5,32.8,96.681503529,92.421592836,20.0,40.6,2019
"Negrón, Kristopher",502117,2019,82,31.7,6.1,0.269,0.248,0.339,33.3,3.9,23.5,94.8689912,91.4930776,33.3,49.2,2019
"Merrifield, Whit",593160,2019,735,17.1,6.1,0.34,0.325,0.369,42.4,4.5,29.2,96.252648182,92.167329527,20.1,49.3,2019
"Posey III, Buster",457763,2019,445,16.0,7.6,0.298,0.31,0.333,32.4,4.8,36.3,98.089996786,93.215351791,18.5,47.1,2019
"Gonzalez, Marwin",503556,2019,463,21.2,6.7,0.313,0.323,0.38,35.1,6.4,44.0,100.17183773,94.492499015,23.9,50.0,2019
"Gregorius, Didi",544369,2019,344,15.4,4.9,0.297,0.292,0.324,30.8,5.9,35.5,98.368135147,93.19498864,22.5,55.8,2019
"Martínez, José A.",500874,2019,373,22.0,9.4,0.323,0.348,0.411,36.6,7.1,39.3,100.266536429,94.245312311,23.0,43.3,2019
"Garlick, Kyle",664247,2019,53,35.8,9.4,0.342,0.326,0.49,48.3,20.7,41.4,99.736000667,94.553727931,35.2,53.0,2019
"Díaz, Aledmys",649557,2019,247,11.3,10.5,0.345,0.343,0.337,28.2,6.4,34.2,98.260126413,93.171656739,19.9,45.2,2019
"McGuire, Reese",624512,2019,105,17.1,6.7,0.364,0.293,0.325,40.5,3.8,24.1,95.264622051,91.647303718,21.6,52.7,2019
"Arteaga, Humberto",600858,2019,135,20.7,5.9,0.221,0.255,0.285,29.9,0.0,21.6,94.116868085,91.150837527,22.1,54.1,2019
"Corbin, Patrick",571578,2019,72,37.5,4.2,0.112,0.131,0.181,16.7,0.0,11.9,89.779473889,89.749436944,28.2,50.4,2019
"Wynns, Austin",642851,2019,74,18.9,4.1,0.226,0.254,0.294,24.6,1.8,22.8,96.343870357,92.264630545,22.7,47.1,2019
"Wisdom, Patrick",621550,2019,28,53.6,3.6,0.167,0.179,0.377,41.7,0.0,50.0,99.535583333,95.111395455,29.0,52.5,2019
"Solano, Donovan",456781,2019,228,21.5,4.4,0.346,0.343,0.421,46.4,4.2,43.1,98.720259167,93.451964192,19.0,50.8,2019
"Contreras, Willson",575929,2019,409,24.9,9.3,0.368,0.347,0.424,31.2,11.5,41.5,101.564759462,94.848420927,33.1,50.1,2019
"Anderson, Chase",502624,2019,44,54.5,4.5,0.124,0.128,0.251,22.2,0.0,5.6,92.246271429,90.286453846,37.6,50.0,2019
"Seager, Kyle",572122,2019,443,19.4,9.9,0.332,0.35,0.394,36.9,8.4,39.7,98.55946875,93.666821053,21.3,45.6,2019
"Hosmer, Eric",543333,2019,667,24.4,6.0,0.309,0.304,0.377,29.1,7.2,46.0,102.123969913,95.383913595,28.9,50.0,2019
"Archer, Chris",502042,2019,41,46.3,7.3,0.146,0.135,0.192,15.8,0.0,5.3,87.8478575,89.499262,40.9,43.1,2019
"DeJong, Paul",657557,2019,664,22.4,9.3,0.322,0.331,0.383,33.0,8.6,33.9,98.154188241,93.091659652,24.2,48.8,2019
"Ervin, Phillip",640447,2019,260,24.2,6.9,0.334,0.301,0.363,37.1,4.6,31.1,96.967515714,92.540978084,28.3,47.8,2019
"Castellanos, Nick",592206,2019,664,21.5,6.2,0.357,0.363,0.441,39.8,10.9,41.5,99.936858686,94.155142055,26.9,54.7,2019
"Almonte, Abraham",501659,2019,38,21.1,18.4,0.406,0.348,0.366,39.1,4.3,43.5,101.395066667,95.210469565,25.4,45.2,2019
"Foltynewicz, Mike",592314,2019,38,50.0,0.0,0.05,0.086,0.188,15.8,0.0,0.0,88.1510175,89.035196875,40.8,55.5,2019
"Dean, Austin",621573,2019,189,24.9,4.8,0.276,0.297,0.379,33.8,6.0,39.1,99.662226667,93.900228485,21.9,49.8,2019
"Moustakas, Mike",519058,2019,584,16.8,9.1,0.348,0.35,0.388,32.3,10.3,40.8,100.616091659,94.477699005,24.9,49.9,2019
"Hicks, Aaron",543305,2019,255,28.2,12.2,0.325,0.296,0.356,30.3,9.9,36.8,100.291281316,94.276068026,31.5,40.9,2019
"Sandoval, Pablo",467055,2019,296,22.6,6.1,0.336,0.335,0.415,37.1,11.4,44.7,102.585228252,95.645906942,26.5,54.7,2019
"Rizzo, Anthony",519203,2019,613,14.0,11.6,0.39,0.388,0.397,36.8,6.8,37.0,100.200593521,94.167510706,19.7,45.7,2019
"Cron, Kevin",605196,2019,78,35.9,5.1,0.321,0.348,0.522,40.9,22.7,50.0,103.978375909,96.294546591,42.0,56.6,2019
"Flores, Wilmer",527038,2019,285,10.9,5.3,0.358,0.331,0.345,36.6,5.1,30.6,96.623078898,92.337248851,10.8,45.9,2019
"Adames, Willy",642715,2019,584,26.2,7.9,0.313,0.32,0.403,36.1,8.4,35.6,99.072984309,93.592578431,27.3,47.0,2019
"Long Jr., Shed",643418,2019,168,23.8,9.5,0.333,0.27,0.307,28.6,6.3,36.7,98.160977818,93.143172569,27.1,45.2,2019
"Longoria, Evan",446334,2019,508,22.0,8.5,0.322,0.351,0.416,35.8,7.5,40.8,99.366085607,93.904958902,25.7,46.8,2019
"Valaika, Pat",642162,2019,86,39.5,8.1,0.248,0.224,0.321,31.1,4.4,31.1,98.575417826,93.544341111,40.4,55.3,2019
"Saladino, Tyler",573135,2019,71,36.6,7.0,0.187,0.243,0.336,30.8,5.1,41.0,100.595582105,94.471836842,34.2,39.7,2019
"Kiermaier, Kevin",595281,2019,480,21.7,5.4,0.284,0.296,0.351,26.4,5.5,37.7,100.003324269,94.058416696,25.1,54.9,2019
"Goins, Ryan",572365,2019,163,27.0,10.4,0.298,0.26,0.301,27.7,1.0,32.7,97.0734502,92.715950404,27.9,40.4,2019
"Galloway, Isaac",543194,2019,54,31.5,0.0,0.151,0.231,0.337,37.8,5.4,27.0,96.475412105,92.352238649,37.9,53.6,2019
"Woodruff, Brandon",605540,2019,49,40.8,2.0,0.272,0.228,0.399,32.1,0.0,25.0,97.539096667,92.849426667,33.7,43.7,2019
"Haniger, Mitch",571745,2019,283,28.6,10.6,0.326,0.328,0.417,31.7,11.4,40.9,99.8113955,93.965994151,26.6,42.4,2019
"Bryant, Kris",592178,2019,634,22.9,11.7,0.379,0.349,0.401,35.8,9.3,34.1,98.53167269,93.281246777,28.4,48.5,2019
"Thaiss, Matt",642136,2019,164,31.7,10.4,0.303,0.283,0.366,34.7,6.3,43.2,99.557187234,94.11424234,33.0,45.1,2019
"Blandino, Alex",607468,2019,50,28.0,20.0,0.352,0.338,0.357,41.7,4.2,33.3,99.683399167,93.841699583,17.9,30.0,2019
"Urshela, Gio",570482,2019,476,18.3,5.3,0.369,0.348,0.405,37.3,7.0,41.6,100.076720559,94.37213352,22.2,56.5,2019
"Schwarber, Kyle",656941,2019,610,25.6,11.5,0.357,0.376,0.473,35.6,14.5,51.2,104.364394516,96.768710054,28.0,43.3,2019
"Cowart, Kaleb",592230,2019,26,26.9,3.8,0.2,0.21,0.265,27.8,0.0,11.1,91.212328889,89.696653889,26.5,51.6,2019
"Miller, Brad",543543,2019,170,26.5,8.8,0.368,0.348,0.441,26.6,12.8,46.8,102.629403962,95.770232264,30.6,45.7,2019
"Zunino, Mike",572287,2019,289,33.9,6.9,0.235,0.274,0.376,26.8,11.3,36.9,101.234572262,94.624915,38.3,51.4,2019
"Meadows, Austin",640457,2019,591,22.2,9.1,0.38,0.375,0.454,38.1,12.5,42.9,101.27902925,94.853411479,23.5,42.2,2019
"Renfroe, Hunter",592669,2019,494,31.2,9.3,0.32,0.314,0.419,32.2,12.0,39.4,101.091156986,94.693304315,30.6,45.9,2019
"Moran, Colin",592567,2019,503,23.3,6.0,0.315,0.314,0.388,37.1,7.4,34.8,98.556321897,93.372829654,24.7,53.7,2019
"Puello, César",527049,2019,147,25.9,6.8,0.325,0.321,0.373,28.4,6.8,26.1,97.582336364,92.859433218,30.0,44.9,2019
"Goodrum, Niko",592348,2019,472,29.2,9.7,0.315,0.303,0.387,38.0,6.3,41.5,100.060278881,94.164698916,31.9,48.1,2019
"Benintendi, Andrew",643217,2019,615,22.8,9.6,0.33,0.338,0.398,40.1,8.1,37.7,98.241980591,93.339900444,25.2,51.4,2019
"Gurriel Jr., Lourdes",666971,2019,343,25.1,5.8,0.358,0.34,0.428,33.6,11.2,45.3,100.566699741,94.614525108,32.6,50.9,2019
"García, Avisaíl",541645,2019,530,23.6,5.8,0.334,0.343,0.426,34.1,11.7,40.3,102.26663962,95.27715218,32.0,56.4,2019
"Vogt, Stephen",519390,2019,280,23.6,7.1,0.331,0.33,0.406,37.3,10.4,41.1,99.381285625,93.80900125,26.8,50.8,2019
"Canó, Robinson",429664,2019,423,16.3,5.9,0.308,0.33,0.37,33.6,7.4,46.3,101.525934815,95.073836935,19.7,53.4,2019
"Davis, Jaylin",664041,2019,47,23.4,6.4,0.227,0.302,0.344,32.3,3.2,38.7,99.54417125,93.959208387,43.5,52.6,2019
"Simmons, Andrelton",592743,2019,424,8.7,5.7,0.29,0.273,0.271,18.8,1.7,33.6,97.498130508,92.76261238,13.9,48.0,2019
"Puig, Yasiel",624577,2019,611,21.8,7.2,0.33,0.328,0.388,30.0,9.2,39.1,100.971591932,94.613191138,28.2,52.6,2019
"Shaw, Travis",543768,2019,270,33.0,13.3,0.248,0.285,0.358,34.0,7.1,37.9,99.798239714,94.006399712,29.8,45.1,2019
"Strasburg, Stephen",544931,2019,80,31.3,3.8,0.186,0.221,0.31,26.9,1.9,28.8,96.348935217,92.335568913,26.5,46.2,2019
"Hoskins, Rhys",656555,2019,705,24.5,16.5,0.347,0.337,0.375,31.0,9.7,38.7,99.42720995,93.97812603,23.2,39.2,2019
"Biggio, Cavan",624415,2019,430,28.6,16.5,0.343,0.346,0.421,44.2,9.0,39.9,97.95095069,93.214258578,26.1,36.1,2019
"Molina, Yadier",425877,2019,452,12.8,5.1,0.303,0.322,0.345,40.7,3.8,35.0,96.859216201,92.459737059,18.9,55.8,2019
"Spangenberg, Cory",605486,2019,102,35.3,5.9,0.267,0.241,0.366,26.7,5.0,25.5,96.1128812,92.278285714,32.0,55.2,2019
"Realmuto, J.T.",592663,2019,593,20.7,6.9,0.34,0.341,0.404,35.0,8.7,41.1,101.081746462,94.730632317,23.8,50.7,2019
"Castro, Jason",488771,2019,275,32.0,12.0,0.328,0.363,0.496,41.7,17.2,47.0,102.293181067,95.491659467,37.1,45.2,2019
"Tauchman, Mike",643565,2019,296,24.0,11.5,0.364,0.322,0.374,39.5,6.3,38.9,98.579674105,93.583860476,21.8,43.2,2019
"Swihart, Blake",596119,2019,99,36.4,6.1,0.228,0.249,0.354,33.9,5.4,28.6,96.09585,92.110448929,33.2,53.6,2019
"Riley, Austin",663586,2019,297,36.4,5.4,0.307,0.309,0.465,40.5,13.7,44.6,101.078740357,94.72754125,38.7,56.3,2019
"Blackmon, Charlie",453568,2019,634,16.4,6.3,0.387,0.367,0.413,36.8,8.3,40.3,99.698822,94.031157328,19.7,49.9,2019
"Greinke, Zack",425844,2019,56,21.4,3.6,0.362,0.308,0.387,33.3,11.9,31.0,99.602576316,94.111176216,26.0,58.8,2019
"Arcia, Orlando",606115,2019,546,20.0,7.9,0.269,0.277,0.313,26.5,4.3,31.3,97.613876615,92.86605,24.6,47.7,2019
"Heredia, Guillermo",628338,2019,231,26.0,7.8,0.291,0.298,0.355,32.7,2.7,34.7,97.379718889,92.699987986,27.4,48.0,2019
"Stanton, Giancarlo",519317,2019,72,33.3,16.7,0.379,0.395,0.559,36.1,25.0,47.2,107.967908889,98.168039167,34.1,40.0,2019
"Young, Alex",622065,2019,25,72.0,0.0,0.035,0.04,0.143,0.0,0.0,14.3,83.016085,89.14973,51.3,34.2,2019
"Dietrich, Derek",518618,2019,306,24.2,9.2,0.334,0.342,0.381,34.3,10.1,31.4,98.731933294,93.378876176,30.6,49.0,2019
"Báez, Javier",595879,2019,561,27.8,5.0,0.347,0.332,0.447,36.3,12.7,43.6,102.448426524,95.481472949,35.5,55.5,2019
"Díaz, Isan",656371,2019,201,29.4,9.5,0.248,0.257,0.307,25.6,7.4,32.2,97.4226605,92.783632269,28.1,37.8,2019
"Reyes, Franmil",614177,2019,548,28.5,8.6,0.338,0.359,0.477,33.3,14.8,51.0,103.847694162,96.604159768,36.5,51.5,2019
"Joseph, Corban",543377,2019,68,17.6,4.4,0.189,0.23,0.257,28.3,1.9,26.4,96.312594074,92.256923585,15.8,46.5,2019
"Abreu, José",547989,2019,693,21.9,5.2,0.344,0.358,0.438,35.2,12.8,48.2,103.146324797,95.996655894,25.3,49.5,2019
"Mejias-Brean, Seth",623180,2019,33,27.3,9.1,0.333,0.294,0.363,33.3,9.5,38.1,99.675016364,94.200867619,32.8,43.9,2019
"Bumgarner, Madison",518516,2019,76,52.6,11.8,0.213,0.203,0.364,22.2,7.4,48.1,103.26357,96.305637391,47.9,43.6,2019
"Williams, Mason",592863,2019,34,17.6,8.8,0.276,0.34,0.38,52.0,0.0,32.0,95.358852308,91.96188,21.3,48.4,2019
"Stallings, Jacob",607732,2019,210,19.0,7.6,0.297,0.316,0.369,28.3,5.9,37.8,98.303555135,93.351015714,25.4,50.7,2019
"Muncy, Max",571970,2019,589,25.3,15.3,0.372,0.38,0.458,38.9,12.0,43.4,100.624856095,94.560041662,28.9,40.1,2019
"Gennett, Scooter",571697,2019,139,29.5,1.4,0.241,0.229,0.31,40.4,2.1,25.5,94.849609574,91.461630645,25.0,59.0,2019
"Maile, Luke",571912,2019,129,25.6,6.2,0.194,0.259,0.32,31.8,4.5,28.4,96.768106512,92.447024235,23.2,46.6,2019
"Guzmán, Ronald",608597,2019,295,29.5,10.8,0.306,0.327,0.421,36.4,8.7,36.5,98.840543765,93.420968824,32.6,49.3,2019
"Stevenson, Andrew",664057,2019,37,29.7,16.2,0.417,0.339,0.408,31.6,10.5,31.6,96.081513333,92.248421667,28.7,51.1,2019
"Culberson, Charlie",518586,2019,144,30.6,4.2,0.306,0.285,0.392,39.8,7.5,30.1,97.528101087,92.905866264,32.5,55.3,2019
"La Stella, Tommy",600303,2019,321,8.7,6.2,0.351,0.355,0.363,34.8,5.3,31.2,97.070269695,92.641464291,11.9,42.3,2019
"Alcantara, Sandy",645261,2019,63,73.0,1.6,0.102,0.079,0.279,33.3,6.7,20.0,93.324023333,92.057083636,59.6,44.4,2019
"Sánchez, Gary",596142,2019,446,28.0,9.0,0.346,0.373,0.489,33.8,19.1,41.9,103.410339559,95.82221136,32.3,44.0,2019
"Flowers, Tyler",452095,2019,310,33.9,10.0,0.31,0.289,0.387,31.5,11.3,41.1,100.657357857,94.469272262,36.7,47.0,2019
"Gordon, Alex",460086,2019,633,15.8,8.1,0.319,0.33,0.348,33.7,5.4,38.4,98.714198996,93.515087773,21.8,48.1,2019
"Roark, Tanner",543699,2019,34,38.2,0.0,0.175,0.188,0.317,33.3,4.8,15.0,93.029305,90.802086316,35.3,58.6,2019
"Polanco, Jorge",593871,2019,704,16.5,8.5,0.352,0.341,0.376,41.6,6.7,33.1,97.46599549,92.78121002,17.5,44.9,2019
"Granderson, Curtis",434158,2019,363,27.0,11.3,0.275,0.306,0.366,38.5,7.2,34.8,97.697461927,93.012019679,24.8,39.8,2019
"Duggar, Steven",621453,2019,281,27.8,5.7,0.265,0.265,0.339,35.5,4.3,32.8,96.971647143,92.488956209,26.5,47.3,2019
"Lux, Gavin",666158,2019,82,29.3,8.5,0.301,0.343,0.457,37.3,5.9,39.2,98.864659231,93.96358549,29.9,41.1,2019
"Smith, Will",669257,2019,196,26.5,9.2,0.369,0.32,0.389,36.4,10.7,38.8,98.844499672,93.553043471,25.2,42.6,2019
"Morales, Kendrys",434778,2019,201,12.9,12.9,0.264,0.365,0.363,29.0,6.9,44.8,101.059318356,94.744231931,17.9,39.5,2019
"Suárez, Eugenio",553993,2019,662,28.5,10.6,0.381,0.355,0.462,38.0,13.8,40.8,100.844864896,94.608867917,28.7,44.4,2019
"Samardzija, Jeff",502188,2019,56,53.6,0.0,0.118,0.094,0.243,19.2,0.0,23.1,96.967555556,92.747529412,43.9,56.2,2019
"Gausman, Kevin",592332,2019,27,66.7,0.0,0.032,0.045,0.134,11.1,0.0,0.0,85.480696,88.220287778,35.0,42.1,2019
"Walsh, Jared",665120,2019,87,40.2,6.9,0.259,0.292,0.46,38.6,13.6,50.0,101.892701818,95.161467955,32.2,46.5,2019
"Thames, Eric",519346,2019,459,30.5,11.1,0.354,0.324,0.42,36.0,8.9,44.2,100.581451032,94.612173187,32.4,47.2,2019
"Moncada, Yoán",660162,2019,559,27.5,7.2,0.379,0.358,0.472,40.4,12.2,47.9,102.936634056,95.959630724,31.1,47.5,2019
"Hernández, César",514917,2019,667,15.0,6.7,0.315,0.302,0.325,32.0,2.7,28.3,96.063685391,92.063206289,17.2,46.0,2019
"Nuñez, Dom",624513,2019,43,39.5,7.0,0.264,0.201,0.285,26.1,8.7,26.1,95.171513333,91.802983043,27.5,34.7,2019
"Adrianza, Ehire",501303,2019,236,16.9,8.5,0.326,0.325,0.348,36.9,3.6,28.0,96.524154146,92.27921122,18.2,48.7,2019
"Lucchesi, Joey",664192,2019,54,66.7,1.9,0.067,0.062,0.208,11.8,0.0,11.8,91.67787,90.469747273,48.4,44.9,2019
"Ruiz, Rio",547004,2019,413,21.3,9.7,0.294,0.292,0.326,33.7,2.8,36.5,98.246970638,93.295943652,24.3,46.7,2019
"Elmore, Jake",518653,2019,49,16.3,4.1,0.213,0.263,0.294,43.6,0.0,15.4,93.831568421,90.968302105,16.7,45.7,2019
"Collins, Zack",641470,2019,102,38.2,13.7,0.285,0.32,0.474,42.6,14.9,53.2,101.022670417,94.95243,37.3,40.8,2019
"Rendon, Anthony",543685,2019,646,13.3,12.4,0.413,0.414,0.44,38.7,12.0,46.6,100.105818761,94.364729594,12.9,43.1,2019
"Locastro, Tim",641796,2019,250,17.6,5.6,0.314,0.295,0.283,28.8,1.2,19.4,93.938776867,91.183691867,21.2,45.1,2019
"Mejía, Francisco",642336,2019,244,23.0,5.3,0.317,0.276,0.328,31.6,4.7,29.8,97.776759176,92.994198521,25.6,56.7,2019
"Gosselin, Phil",594838,2019,68,23.5,4.4,0.263,0.321,0.403,30.6,6.1,36.7,98.37369,93.376679796,24.0,45.5,2019
"Anderson, Tim",641313,2019,518,21.0,2.9,0.363,0.321,0.393,37.6,5.1,37.6,98.353274592,93.322923632,24.5,58.6,2019
"Rojas, Josh",668942,2019,157,26.1,11.5,0.279,0.32,0.382,38.1,6.2,42.3,98.910364694,93.893128041,28.8,43.4,2019
"Mikolas, Miles",571945,2019,62,43.5,0.0,0.124,0.132,0.25,20.0,0.0,23.5,94.167238,91.539177333,46.9,64.0,2019
"Alford, Anthony",546990,2019,30,36.7,3.3,0.228,0.22,0.305,11.8,5.9,29.4,96.026502222,92.249324706,41.1,45.2,2019
"Zagunis, Mark",657145,2019,40,40.0,10.0,0.291,0.216,0.294,30.0,0.0,35.0,97.869051,93.0495255,31.3,34.9,2019
"Pérez, Michael",605421,2019,55,34.5,14.5,0.303,0.299,0.378,33.3,7.4,48.1,99.891661429,94.799107778,40.9,39.6,2019
"Ramírez, José",608070,2019,542,13.7,9.6,0.334,0.342,0.36,32.6,6.3,35.7,98.625705777,93.428589029,14.6,42.5,2019
"Berti, Jon",542932,2019,287,25.4,8.4,0.326,0.316,0.379,32.1,3.8,38.0,98.903971522,93.495692404,24.6,41.6,2019
"Moroff, Max",621559,2019,35,45.7,5.7,0.185,0.217,0.375,35.3,5.9,35.3,100.42399625,94.626131333,44.1,48.9,2019
"Lyles, Jordan",543475,2019,48,58.3,2.1,0.104,0.082,0.152,5.6,0.0,0.0,89.3091275,89.337057333,38.0,27.5,2019
"Pham, Tommy",502054,2019,654,18.8,12.4,0.349,0.354,0.39,29.7,7.9,45.0,101.772675315,95.171833612,20.2,38.4,2019
"Greiner, Grayson",606988,2019,224,31.3,5.8,0.242,0.253,0.336,28.6,5.7,32.9,98.218691714,93.160320432,32.0,46.2,2019
"Stewart, Christin",621514,2019,416,24.8,8.2,0.294,0.321,0.39,37.5,7.4,33.8,98.092919706,93.047032353,28.5,48.8,2019
"Pederson, Joc",592626,2019,514,21.6,9.7,0.362,0.347,0.399,31.4,10.3,43.5,101.926819048,95.251138896,24.1,46.1,2019
"Frazier, Todd",453943,2019,499,21.2,8.0,0.328,0.312,0.352,34.6,7.3,38.3,99.05753071,93.661440237,25.6,42.9,2019
"Laureano, Ramón",657656,2019,481,25.6,5.6,0.356,0.342,0.434,37.2,9.7,40.4,100.000765128,94.198050256,28.3,48.8,2019
"Díaz, Elias",553869,2019,332,16.9,6.9,0.265,0.277,0.297,29.5,2.4,34.3,99.26563336,93.660186627,23.3,47.7,2019
"Fuentes, Joshua",658069,2019,56,35.7,1.8,0.262,0.193,0.289,40.0,2.9,22.9,94.053827222,91.368827429,38.3,58.7,2019
"Marte, Ketel",606466,2019,628,13.7,8.4,0.405,0.375,0.406,34.6,9.3,40.0,101.092484421,94.7158706,17.6,47.8,2019
"Aquino, Aristides",606157,2019,225,26.7,7.1,0.36,0.334,0.436,30.6,12.9,39.0,100.625701972,94.373538652,35.5,55.7,2019
"Galvis, Freddy",520471,2019,589,24.6,4.8,0.307,0.28,0.351,31.8,5.5,36.4,97.641622,92.96163978,28.5,54.4,2019
"Robertson, Daniel",621002,2019,237,24.9,10.1,0.275,0.279,0.306,25.0,1.4,33.8,97.353057432,92.728106939,22.9,45.6,2019
"Barnes, Austin",605131,2019,242,23.1,9.5,0.272,0.256,0.277,27.8,4.4,29.1,96.417563924,92.23558949,22.3,39.6,2019
"Gray, Jon",592351,2019,59,37.3,5.1,0.094,0.138,0.195,11.8,0.0,8.8,89.471207273,89.968968571,38.9,48.7,2019
"Smith Jr., Dwight",596105,2019,392,20.9,6.6,0.299,0.29,0.331,30.4,3.9,39.3,100.125783957,94.187231727,28.3,45.7,2019
"Kendrick III, Howie",435062,2019,370,13.2,7.3,0.4,0.418,0.461,36.9,11.4,48.3,102.231581655,95.726170346,17.0,47.5,2019
"Kratz, Erik",456124,2019,53,26.4,3.8,0.169,0.18,0.192,20.0,0.0,28.6,96.415835556,92.39528,27.6,52.1,2019
"Newman, Kevin",621028,2019,531,11.7,5.3,0.339,0.303,0.317,33.4,2.1,24.8,94.991693333,91.524680704,13.9,51.0,2019
"Hundley, Nick",460026,2019,73,24.7,2.7,0.248,0.239,0.298,26.9,1.9,28.6,95.1510556,91.822424082,22.4,50.8,2019
"Marte, Starling",516782,2019,586,16.0,4.3,0.353,0.362,0.409,31.3,8.0,38.6,100.167259491,94.183408704,25.1,53.7,2019
"Nido, Tomás",621512,2019,144,25.7,4.9,0.227,0.239,0.308,23.0,5.0,30.9,97.144497292,92.632373895,36.1,59.9,2019
"Upton, Justin",457708,2019,256,30.5,12.5,0.307,0.317,0.405,35.6,11.6,37.0,99.487771233,93.743885616,32.6,43.2,2019
"Mejia, Erick",625510,2019,27,25.9,14.8,0.276,0.205,0.173,18.8,0.0,0.0,85.95431875,88.40960125,28.8,49.6,2019
"Tilson, Charlie",605508,2019,157,24.2,6.4,0.256,0.277,0.328,29.2,2.8,31.1,97.431041132,92.733163396,24.9,49.2,2019
"Cruz Jr., Nelson",443558,2019,521,25.1,10.7,0.417,0.415,0.535,38.3,19.9,51.5,105.351946319,97.322233957,32.6,46.2,2019
"Bemboom, Anthony",621532,2019,56,37.5,1.8,0.149,0.156,0.239,17.6,2.9,20.6,93.536069375,91.2189175,34.3,48.9,2019
"Garcia, Aramis",605244,2019,46,45.7,8.7,0.217,0.215,0.369,38.1,4.8,35.0,97.460894,92.83182,38.4,50.5,2019
"Iglesias, Jose",578428,2019,530,13.2,3.8,0.306,0.284,0.312,29.7,2.3,24.2,94.71843919,91.441140476,15.3,55.5,2019
"Sierra, Magneuris",642423,2019,42,16.7,4.8,0.347,0.23,0.252,24.2,0.0,27.3,97.307781333,92.867898276,13.8,58.8,2019
"Devers, Rafael",646240,2019,702,17.0,6.8,0.377,0.367,0.422,33.1,9.0,48.5,103.293569886,96.084697628,24.0,55.0,2019
"Nimmo, Brandon",607043,2019,254,28.0,18.1,0.34,0.331,0.376,35.6,6.8,35.6,99.24699,93.762587364,27.5,40.8,2019
"Peterson, Dustin",640460,2019,47,29.8,4.3,0.259,0.216,0.268,23.3,3.3,36.7,98.257835333,93.18784,25.7,55.9,2019
"Camargo, Johan",622666,2019,248,17.3,6.0,0.279,0.284,0.32,33.7,3.7,31.6,97.769489895,92.914069947,25.0,54.6,2019
"Ward, Taylor",621493,2019,48,47.9,12.5,0.275,0.269,0.463,47.4,10.5,52.6,100.294847,94.77729,41.7,40.6,2019
"Bregman, Alex",608324,2019,690,12.0,17.2,0.418,0.373,0.353,35.5,4.8,38.0,98.440477393,93.337376731,14.3,35.1,2019
"Semien, Marcus",543760,2019,747,13.7,11.6,0.373,0.363,0.378,34.0,8.5,38.1,98.394543077,93.291025385,18.3,42.2,2019
"Gallagher, Cam",595956,2019,142,19.7,7.7,0.294,0.257,0.268,38.0,2.0,24.0,95.550268333,91.795170521,17.5,42.7,2019
"Herrera, Rosell",594011,2019,119,22.7,9.2,0.263,0.264,0.29,26.6,2.5,27.8,97.300544474,92.768844211,33.0,43.2,2019
"Vargas, Jason",450306,2019,45,48.9,0.0,0.065,0.096,0.228,17.4,0.0,13.0,87.78176125,89.83990875,28.4,41.6,2019
"Beede, Tyler",595881,2019,43,53.5,7.0,0.135,0.12,0.189,11.8,0.0,5.9,92.12172,90.525855333,47.2,43.9,2019
"Mathis, Jeff",425772,2019,244,35.7,6.1,0.19,0.192,0.261,29.6,1.4,26.4,95.748303043,91.877173188,36.7,52.1,2019
"Williams, Nick",608384,2019,112,38.4,3.6,0.193,0.27,0.414,41.3,6.3,30.2,99.189958125,93.698076349,28.6,53.0,2019
"Rivera, Yadiel",592680,2019,66,30.3,9.1,0.218,0.216,0.253,17.5,0.0,35.0,100.174720526,94.209118684,40.3,53.7,2019
"Polanco, Gregory",570256,2019,167,29.3,7.2,0.305,0.296,0.392,31.7,9.6,30.4,99.604895882,93.812075392,32.7,50.5,2019
"Inciarte, Ender",542255,2019,230,17.8,11.3,0.318,0.291,0.295,35.2,1.9,17.6,92.852376923,90.739017484,20.9,49.3,2019
"González, Carlos",471865,2019,166,31.3,10.8,0.254,0.273,0.342,28.4,6.3,34.7,99.800495957,93.900247979,35.4,50.7,2019
"Williamson, Mac",607776,2019,144,30.6,9.7,0.23,0.266,0.325,28.6,3.6,33.7,98.014246905,93.075641807,34.0,46.8,2019
"Beckham, Tim",542921,2019,328,31.1,6.4,0.315,0.297,0.404,33.7,8.4,33.8,98.720866633,93.392943077,30.7,46.3,2019
"Arraez, Luis",650333,2019,366,7.9,9.8,0.36,0.334,0.324,41.7,2.7,22.8,94.64459953,91.360227508,7.8,42.2,2019
"Phillips, Brett",621433,2019,79,29.1,12.7,0.228,0.234,0.253,21.7,4.3,23.9,96.160694545,92.192614186,30.6,45.7,2019
"Vázquez, Christian",543877,2019,521,19.4,6.3,0.331,0.31,0.362,38.5,5.9,40.3,98.607970314,93.531031811,20.5,49.9,2019
"Acuña Jr., Ronald",660670,2019,715,26.3,10.6,0.369,0.39,0.502,40.5,15.0,47.4,103.398305955,96.011363144,27.7,45.5,2019
"Escobar, Eduardo",500871,2019,699,18.6,7.2,0.341,0.326,0.372,38.6,7.0,31.4,96.833323953,92.47242407,24.8,52.6,2019
"Taylor, Michael A.",572191,2019,97,35.1,7.2,0.289,0.276,0.399,32.1,7.1,42.9,101.215247308,95.216882885,34.2,47.3,2019
"Eaton, Adam",594809,2019,656,16.2,9.9,0.342,0.328,0.342,33.9,3.8,34.3,98.729984311,93.47287412,17.8,44.6,2019
"Descalso, Daniel",518614,2019,194,29.4,11.9,0.238,0.266,0.315,31.0,4.4,31.0,97.119616909,92.593709273,28.8,40.3,2019
"Gutiérrez, Kelvin",642721,2019,79,30.4,6.3,0.284,0.253,0.331,26.0,4.0,42.0,100.7283524,94.5646506,32.1,43.6,2019
"Margot, Manuel",622534,2019,441,20.0,8.6,0.296,0.276,0.302,28.4,3.5,34.8,98.690901438,93.386922131,23.0,43.9,2019
"Reddick, Josh",502210,2019,550,12.0,6.5,0.308,0.316,0.334,36.0,3.4,29.4,96.674681023,92.339940093,14.8,51.3,2019
"LaMarre, Ryan",534606,2019,26,19.2,11.5,0.329,0.372,0.422,38.9,16.7,27.8,98.097672222,93.176613889,18.6,37.4,2019
"Davis, Jonathan",641505,2019,95,25.3,5.3,0.24,0.305,0.362,34.4,3.3,23.0,95.271639655,91.686830172,23.7,44.9,2019
"García, Robel",596825,2019,80,43.8,8.8,0.315,0.277,0.462,42.1,15.8,42.1,101.625057368,95.216182162,45.3,48.2,2019
"Wade Jr., LaMonte",664774,2019,69,13.0,15.9,0.32,0.36,0.336,34.0,6.4,40.4,98.654194583,93.720162766,17.2,36.2,2019
"Hilliard, Sam",656541,2019,87,26.4,10.3,0.407,0.354,0.442,37.0,13.0,42.6,101.104464444,94.682081852,26.9,41.8,2019
"Sogard, Eric",519299,2019,442,14.3,8.6,0.342,0.31,0.325,40.7,2.1,20.4,94.087467711,91.057566737,11.1,39.1,2019
"Freeman, Mike",502273,2019,213,28.6,10.3,0.327,0.277,0.328,35.7,2.4,27.8,96.204765172,92.107119483,25.1,44.3,2019
"Sanó, Miguel",593934,2019,439,36.2,12.5,0.378,0.368,0.547,36.0,21.2,57.2,105.196811712,97.791274595,38.1,43.6,2019
"Urías, Luis",649966,2019,249,22.5,10.0,0.294,0.307,0.331,30.8,4.4,31.4,96.821621013,92.47115758,23.6,42.3,2019
"Altherr, Aaron",571437,2019,66,37.9,4.5,0.135,0.21,0.299,32.4,5.4,21.6,95.495541579,91.988152703,35.0,51.1,2019
"Jay, Jon",445055,2019,182,16.5,4.4,0.275,0.276,0.302,36.2,1.4,12.8,92.441222687,90.33245903,15.9,50.4,2019
"Straw, Myles",664702,2019,128,18.8,14.8,0.323,0.313,0.317,38.8,1.2,16.5,93.840532619,90.989512289,12.3,36.0,2019
"Walker, Christian",572233,2019,603,25.7,11.1,0.346,0.364,0.456,34.1,13.1,48.8,102.727625691,95.697243147,28.8,48.7,2019
"Albies, Ozzie",645277,2019,702,16.0,7.7,0.354,0.346,0.385,36.8,6.6,34.0,98.232348151,93.247307887,22.9,55.6,2019
"Wade, Tyler",642180,2019,108,25.9,10.2,0.303,0.269,0.308,27.9,5.9,27.9,95.875528438,92.008152698,26.6,48.5,2019
"Kepler, Max",596146,2019,596,16.6,10.1,0.355,0.343,0.367,30.5,8.9,42.1,100.805599577,94.514078635,20.2,49.4,2019
"Garcia, Leury",544725,2019,618,22.5,3.4,0.294,0.272,0.332,30.3,3.8,29.9,97.233707717,92.660403959,24.6,54.4,2019
"Betts, Mookie",605141,2019,706,14.3,13.7,0.38,0.411,0.441,39.4,10.3,47.4,100.567436587,94.76255839,14.5,38.3,2019
"Franco, Maikel",596748,2019,428,14.3,8.4,0.281,0.298,0.332,24.2,6.9,38.4,100.63202897,94.350348879,22.0,51.5,2019
"Bourjos, Peter",488721,2019,46,32.6,2.2,0.098,0.167,0.234,23.3,3.3,16.7,94.777248667,91.388624333,32.2,51.4,2019
"Davies, Zach",605200,2019,55,45.5,1.8,0.157,0.147,0.278,27.6,0.0,6.9,90.1173875,89.820824783,27.5,40.4,2019
"Santana, Danny",542454,2019,511,29.5,4.9,0.352,0.345,0.473,37.8,9.5,43.6,100.974542805,94.798723537,32.1,55.8,2019
"Andujar, Miguel",609280,2019,49,22.4,2.0,0.121,0.192,0.235,16.2,0.0,24.3,93.546043684,91.336493514,30.9,53.7,2019
"Soroka, Michael",647336,2019,63,34.9,3.2,0.112,0.178,0.241,13.5,0.0,10.8,89.043858,89.755702759,36.2,53.5,2019
"Mazara, Nomar",608577,2019,469,23.0,6.0,0.327,0.338,0.416,33.9,10.7,39.3,101.041745155,94.634283789,27.2,50.7,2019
"Crawford, Brandon",543063,2019,560,20.9,9.5,0.281,0.306,0.347,36.7,5.4,35.1,97.781885729,92.971044648,28.3,51.3,2019
"Edman, Tommy",669242,2019,349,17.5,4.6,0.357,0.331,0.375,37.4,5.3,33.6,97.248854697,92.677901027,18.7,47.9,2019
"Luplow, Jordan",656669,2019,261,23.4,12.6,0.383,0.352,0.41,33.9,12.1,38.8,99.047672195,93.646979695,26.6,44.7,2019
"Hernández, Enrique",571771,2019,460,21.1,7.8,0.301,0.304,0.348,35.5,5.6,34.5,98.499102125,93.321826144,26.5,47.2,2019
"Martin, Leonys",547982,2019,264,29.5,8.0,0.269,0.262,0.325,27.3,6.2,27.3,97.557633553,92.818935563,33.5,54.3,2019
"Murphy, Daniel",502517,2019,478,15.5,6.7,0.328,0.29,0.313,36.7,2.4,28.3,95.939515543,91.973685299,15.0,48.3,2019
"Choi, Ji Man",596847,2019,487,22.2,13.1,0.348,0.365,0.42,37.9,11.3,42.7,101.047548701,94.915341299,25.6,43.0,2019
"Buxton, Byron",621439,2019,295,23.1,6.4,0.34,0.305,0.369,32.5,7.8,38.7,101.025778218,94.668611931,29.1,54.4,2019
"DeSclafani, Anthony",543101,2019,57,49.1,0.0,0.095,0.108,0.234,13.8,0.0,28.6,97.544516667,92.993832083,41.8,49.2,2019
"Profar, Jurickson",595777,2019,518,14.5,9.3,0.301,0.328,0.341,29.7,6.5,31.3,97.141906243,92.584582042,20.2,45.2,2019
"Tellez, Rowdy",642133,2019,409,28.4,7.1,0.308,0.335,0.44,37.0,13.2,41.6,101.864006047,95.125615798,31.3,49.1,2019
"Tucker, Cole",657061,2019,159,25.2,6.3,0.264,0.283,0.354,28.7,4.6,36.5,98.685688431,93.367541176,26.4,48.7,2019
"Demeritte, Travis",641513,2019,186,33.9,7.5,0.272,0.28,0.387,28.7,3.7,46.3,101.067855741,95.049688692,35.1,46.2,2019
"Canha, Mark",592192,2019,497,21.5,13.5,0.386,0.362,0.397,32.1,9.5,41.1,99.685622252,93.94485394,22.8,40.6,2019
"Difo, Wilmer",594694,2019,144,20.1,8.3,0.27,0.272,0.313,34.0,0.0,19.4,92.964007347,90.731143878,27.1,54.3,2019
"Rios, Edwin",621458,2019,56,37.5,16.1,0.413,0.406,0.635,50.0,26.9,65.4,105.16306,98.632828846,33.3,44.5,2019
"Hudson, Dakota",641712,2019,59,40.7,0.0,0.081,0.124,0.216,14.7,0.0,11.8,91.9778525,90.380299583,29.7,53.2,2019
"Hernández, Gorkys",491676,2019,57,24.6,8.8,0.204,0.274,0.324,34.2,2.6,23.7,93.235874444,91.564032571,30.6,52.1,2019
"Estrada, Thairo",642731,2019,69,21.7,4.3,0.308,0.301,0.36,28.0,4.0,40.0,98.8735332,93.847425918,25.0,49.3,2019
"Soto, Juan",665742,2019,659,20.0,16.4,0.394,0.409,0.465,36.3,12.3,47.8,102.137286408,95.569584745,24.0,40.8,2019
"Trout, Mike",545361,2019,600,20.0,18.3,0.436,0.46,0.543,43.8,18.9,44.4,103.466773886,95.970475845,19.2,36.8,2019
"Machado, Manny",592518,2019,661,19.4,9.8,0.335,0.343,0.387,31.2,8.0,43.7,102.073663723,95.40263803,24.2,46.7,2019
"deGrom, Jacob",594798,2019,70,27.1,5.7,0.245,0.22,0.274,23.4,2.1,28.3,95.513015238,91.797666905,33.8,57.3,2019
"Buehler, Walker",621111,2019,66,50.0,6.1,0.13,0.158,0.276,20.7,3.4,31.0,97.315063077,92.8452016,43.8,42.2,2019
"Davis, Chris",448801,2019,352,39.5,11.1,0.263,0.292,0.433,39.8,10.5,39.2,98.670081163,93.560342924,38.0,40.4,2019
"Candelario, Jeimer",600869,2019,386,25.6,11.1,0.283,0.308,0.357,32.9,5.9,33.8,99.260932458,93.636242119,25.8,43.6,2019
"Houser, Adrian",605288,2019,27,63.0,7.4,0.108,0.123,0.313,12.5,0.0,37.5,101.836903333,96.302142,52.9,47.7,2019
"Martin Jr., Richie",621006,2019,309,26.9,4.5,0.252,0.245,0.303,29.6,2.4,25.2,95.198605361,91.717593316,28.6,53.8,2019
"Ravelo, Rangel",592660,2019,43,27.9,7.0,0.276,0.35,0.464,35.7,10.7,50.0,102.852642143,95.916164286,24.1,49.1,2019
"Avila, Alex",488671,2019,201,33.8,17.9,0.323,0.36,0.511,42.7,18.8,49.0,99.813964167,94.602651146,37.4,35.2,2019
"Bradley Jr., Jackie",598265,2019,567,27.3,9.9,0.314,0.318,0.39,30.5,9.6,44.8,100.737430117,94.682078123,32.6,48.1,2019
"Rojas, Miguel",500743,2019,526,11.8,6.1,0.305,0.303,0.315,31.9,2.6,28.8,96.91060967,92.477684269,16.5,47.1,2019
"Gamel, Ben",592325,2019,356,29.2,11.2,0.308,0.297,0.368,35.4,3.8,38.0,98.655207184,93.509022098,23.1,40.1,2019
"Panik, Joe",605412,2019,491,9.6,8.8,0.284,0.306,0.299,33.8,2.0,25.8,95.338176359,91.672916205,10.7,42.2,2019
"Grichuk, Randal",545341,2019,628,26.0,5.6,0.307,0.304,0.384,31.3,8.5,39.8,100.740131792,94.423631368,28.1,50.2,2019
"Thomas, Lane",657041,2019,44,18.2,9.1,0.445,0.383,0.422,26.7,13.3,43.3,102.496161333,95.635521667,21.1,40.6,2019
"Bellinger, Cody",641355,2019,661,16.3,14.4,0.414,0.43,0.488,39.6,12.7,45.9,101.221347768,94.966274787,23.5,44.6,2019
"Hays, Austin",669720,2019,75,17.3,9.3,0.393,0.352,0.392,47.3,5.5,41.8,99.670271481,94.377735556,26.5,46.7,2019
"Taylor, Chris",621035,2019,414,27.8,8.9,0.331,0.299,0.376,39.1,5.4,32.3,97.5218724,92.78720241,31.5,49.8,2019
"Dahl, David",621311,2019,413,26.6,6.8,0.364,0.341,0.438,41.0,10.3,39.5,98.77328291,93.506315299,30.9,52.1,2019
"Barnhart, Tucker",571466,2019,364,22.8,12.1,0.301,0.284,0.318,32.8,3.0,27.9,95.615923125,91.808912455,23.5,46.6,2019
"Fletcher, David",664058,2019,653,9.8,8.4,0.318,0.319,0.32,37.5,0.2,17.1,93.20784584,90.716838337,9.7,36.3,2019
"Kemp, Matt",461314,2019,62,30.6,1.6,0.208,0.2,0.283,35.7,2.4,30.0,96.3916445,92.2514315,40.8,54.1,2019
"Pillar, Kevin",607680,2019,645,13.8,2.8,0.298,0.3,0.333,33.1,4.9,30.8,98.016751985,93.018091033,17.8,58.9,2019
"Neuse, Sheldon",641914,2019,61,31.1,6.6,0.262,0.296,0.402,36.8,5.3,47.4,100.69483,94.744973947,29.8,47.7,2019
"Matz, Steven",571927,2019,61,27.9,0.0,0.217,0.267,0.383,27.3,2.3,18.2,94.425430526,91.434862895,26.5,52.1,2019
"Guerrero Jr., Vladimir",665489,2019,514,17.7,8.9,0.329,0.333,0.368,30.9,7.7,38.7,101.626864628,94.89985352,24.5,46.8,2019
"Castillo, Welington",456078,2019,251,29.5,6.4,0.287,0.3,0.393,30.4,11.4,42.4,100.540735316,94.385144873,28.7,43.6,2019
"O'Grady, Brian",657434,2019,48,35.4,8.3,0.305,0.309,0.43,32.0,12.0,41.7,100.7467875,94.5265475,44.2,51.7,2019
"Olson, Matt",621566,2019,547,25.2,9.3,0.368,0.388,0.495,36.1,14.5,50.4,103.334092275,96.341713994,28.1,45.4,2019
"Cabrera, Asdrúbal",452678,2019,514,20.0,11.1,0.331,0.317,0.349,37.3,5.7,35.3,97.630785829,92.935685272,20.6,45.5,2019
"Wendle, Joey",621563,2019,263,17.9,5.3,0.275,0.294,0.319,31.4,1.5,32.5,97.049603299,92.53253201,20.1,47.1,2019
"Lagares, Juan",501571,2019,285,26.3,7.7,0.258,0.254,0.311,33.3,3.2,34.4,98.32039382,93.227372599,24.5,49.6,2019
"Martin, Jason",641829,2019,40,25.0,10.0,0.282,0.354,0.438,23.1,7.7,50.0,101.249299231,95.4137,24.7,44.5,2019
"Hamilton, Billy",571740,2019,353,24.6,9.1,0.251,0.254,0.292,32.9,0.0,7.3,89.916051818,89.528641318,23.0,47.8,2019
"Richards, Trevor",670950,2019,34,52.9,5.9,0.125,0.11,0.177,7.1,0.0,14.3,91.769361667,90.006446667,42.9,42.1,2019
"Wong, Kolten",543939,2019,549,15.1,8.6,0.334,0.297,0.304,28.6,2.2,25.4,96.025301799,92.013404021,18.4,48.0,2019
"Chirinos, Robinson",455139,2019,437,28.6,11.7,0.336,0.316,0.38,35.5,7.7,37.0,98.433841429,93.240079244,33.7,47.1,2019
"Kang, Jung Ho",628356,2019,185,32.4,5.9,0.256,0.294,0.407,32.7,11.5,46.0,102.297290877,95.708110619,35.9,48.4,2019
"Joseph, Caleb",543376,2019,41,24.4,2.4,0.227,0.263,0.325,44.8,0.0,24.1,94.950395,91.4751975,23.6,47.4,2019
"Lucroy, Jonathan",518960,2019,328,15.5,8.2,0.286,0.298,0.311,31.0,2.9,32.5,97.427466639,92.740217257,14.5,39.2,2019
"Schebler, Scott",594988,2019,95,28.4,14.7,0.223,0.255,0.272,18.5,3.7,26.5,96.7878232,92.535667347,29.5,51.2,2019
"Brosseau, Mike",670712,2019,142,27.5,4.9,0.329,0.269,0.341,31.9,4.3,36.2,97.847365319,92.997548495,25.3,52.6,2019
"Astudillo, Willians",553902,2019,204,3.9,2.5,0.288,0.319,0.312,38.2,2.7,31.3,97.030897802,92.515448901,8.9,59.0,2019
"Syndergaard, Noah",592789,2019,69,68.1,4.3,0.144,0.147,0.459,31.6,15.8,42.1,100.145837778,94.715449412,53.0,58.1,2019
"Myers, Wil",571976,2019,490,34.3,10.4,0.316,0.319,0.447,32.7,11.2,41.4,101.566235802,95.04647295,32.1,44.4,2019
"Rondon, José",602922,2019,157,24.2,7.0,0.241,0.256,0.295,33.0,2.8,32.1,97.556846792,92.824923524,24.8,46.2,2019
"Arenado, Nolan",571448,2019,662,14.0,9.4,0.392,0.343,0.368,34.6,8.0,37.6,99.240765317,93.75734495,20.9,51.4,2019
"Federowicz, Tim",543148,2019,83,37.3,6.0,0.236,0.303,0.472,42.6,8.5,42.6,99.291311364,94.166080455,36.3,44.3,2019
"LeMahieu, DJ",518934,2019,655,13.7,7.0,0.375,0.378,0.415,36.2,7.5,48.7,101.290348333,95.241788097,16.0,45.6,2019
"Trumbo, Mark",444432,2019,31,16.1,6.5,0.218,0.336,0.376,25.0,8.3,37.5,100.454018333,94.227009167,29.9,51.1,2019
"Butera, Drew",460077,2019,49,28.6,8.2,0.206,0.212,0.248,25.8,0.0,19.4,94.078435333,91.135344,27.7,44.4,2019
"Markakis, Nick",455976,2019,469,12.6,10.0,0.332,0.35,0.361,34.1,3.0,44.3,100.257436961,94.567590416,13.3,41.8,2019
"O'Hearn, Ryan",656811,2019,370,26.8,10.5,0.278,0.31,0.378,29.9,9.1,43.7,100.542248879,94.610039827,26.1,45.3,2019
"Winker, Jesse",608385,2019,384,15.6,9.9,0.351,0.346,0.366,32.0,4.3,41.1,99.735411111,94.073450967,18.1,44.3,2019
"Scherzer, Max",453286,2019,61,44.3,0.0,0.158,0.147,0.307,20.6,0.0,20.6,96.276154167,92.216138333,36.0,51.8,2019
"McNeil, Jeff",643446,2019,567,13.2,6.2,0.384,0.35,0.367,34.2,4.8,36.7,98.062735349,93.296269953,19.9,60.1,2019
"Castro, Harold",605612,2019,369,23.3,2.4,0.292,0.279,0.355,36.9,3.6,28.6,96.521335149,92.397637004,24.2,54.1,2019
"Tucker, Kyle",663656,2019,72,27.8,5.6,0.349,0.344,0.46,42.6,12.8,48.9,100.2948125,95.163355745,30.1,51.4,2019
"Allen, Greg",656185,2019,256,20.7,4.3,0.274,0.275,0.312,26.8,2.7,30.9,96.582444713,92.32531578,24.1,49.6,2019
"Harrison, Josh",543281,2019,147,18.4,4.1,0.208,0.289,0.33,31.3,5.4,29.5,95.856412909,91.936055273,27.0,57.5,2019
"Dickerson, Corey",572816,2019,279,20.1,5.7,0.367,0.322,0.389,44.0,8.2,34.8,98.920345049,93.485303447,27.4,58.4,2019
"Plawecki, Kevin",608700,2019,174,17.8,6.9,0.273,0.284,0.305,26.6,4.7,32.0,96.788279688,92.435971969,19.1,46.6,2019
"Romine, Austin",519222,2019,240,20.8,4.2,0.315,0.305,0.369,29.4,6.7,40.6,101.300982222,94.748560559,22.8,56.8,2019
"Smith, Dominic",642086,2019,197,22.3,9.6,0.368,0.322,0.374,36.8,7.5,34.8,97.912940758,93.028654504,25.8,49.0,2019
"Dubón, Mauricio",643289,2019,111,18.0,4.5,0.312,0.277,0.318,36.0,2.3,19.8,95.40132814,91.709446047,20.6,56.9,2019
"Senzatela, Antonio",622608,2019,46,52.2,2.2,0.038,0.071,0.139,9.5,0.0,19.0,95.44196,92.007209231,40.9,58.9,2019
"Ford, Mike",645801,2019,163,17.2,10.4,0.372,0.358,0.392,36.5,9.6,45.2,101.055283103,94.890394609,22.1,40.0,2019
"Peraza, José",606299,2019,403,14.4,4.2,0.272,0.297,0.321,32.5,0.3,25.6,95.370811987,91.732562691,16.7,54.0,2019
"Jansen, Danny",643376,2019,384,20.6,8.1,0.275,0.312,0.356,31.9,5.9,40.0,99.29700837,93.780262862,20.4,47.1,2019
"Almora Jr., Albert",546991,2019,363,17.1,4.4,0.271,0.285,0.329,31.0,4.6,27.5,97.073710432,92.557715596,24.2,52.1,2019
"Daza, Yonathan",602074,2019,105,20.0,6.7,0.221,0.23,0.251,24.7,1.3,20.8,93.111274865,90.945507297,23.3,51.1,2019
"Smith, Kevan",607345,2019,211,17.5,7.6,0.305,0.348,0.389,37.4,6.5,41.8,99.40006987,93.932446078,19.3,44.8,2019
"Reyes, Victor",622682,2019,292,21.9,4.8,0.325,0.29,0.353,38.3,1.9,31.8,97.168320571,92.630534019,20.7,51.7,2019
"Marisnick, Jake",545350,2019,318,29.9,5.3,0.297,0.259,0.335,27.0,4.0,31.2,98.39839375,93.229621623,29.2,52.8,2019
"O'Neill, Tyler",641933,2019,151,35.1,6.6,0.308,0.275,0.396,29.5,6.8,37.2,99.844076047,94.032528372,41.4,51.1,2019
"Bauers, Jake",641343,2019,423,27.2,10.6,0.296,0.293,0.35,31.9,5.0,33.1,98.048297907,93.059068716,24.4,42.1,2019
"Fried, Max",608331,2019,65,24.6,7.7,0.236,0.249,0.295,22.7,0.0,29.5,96.34027,92.277061538,18.3,43.3,2019
"Hermosillo, Michael",641684,2019,46,41.3,10.9,0.254,0.274,0.352,27.8,0.0,55.6,101.223671111,95.780093529,43.0,43.3,2019
"Choo, Shin-Soo",425783,2019,660,25.0,11.8,0.353,0.362,0.434,31.8,8.8,49.0,102.002794264,95.652745761,29.3,42.4,2019
"Mullins II, Cedric",656775,2019,74,18.9,5.4,0.159,0.231,0.229,18.9,1.9,17.0,94.019857308,91.13074,28.2,48.1,2019
"Duda, Lucas",446263,2019,119,26.9,9.2,0.245,0.312,0.389,32.0,12.0,45.3,101.806439474,95.3628876,26.9,44.7,2019
"Gore, Terrance",605253,2019,58,31.0,10.3,0.317,0.248,0.295,24.2,0.0,12.1,91.780217143,90.171197143,29.2,41.2,2019
"Andrus, Elvis",462101,2019,648,14.8,5.2,0.3,0.311,0.342,32.5,3.5,34.8,98.037067647,93.090040864,19.6,46.4,2019
"Castro, Willi",650489,2019,110,30.9,5.5,0.27,0.242,0.312,35.3,1.5,25.0,95.777695152,92.093490303,30.6,54.0,2019
"France, Ty",664034,2019,201,24.4,4.5,0.296,0.294,0.352,31.6,5.9,42.6,99.771344853,94.127469706,24.0,48.9,2019
"Delmonico, Nicky",547170,2019,68,36.8,5.9,0.243,0.26,0.374,28.9,7.9,34.2,99.087837368,93.598322895,41.6,46.6,2019
"Strahm, Matt",621381,2019,27,44.4,7.4,0.317,0.286,0.576,46.2,0.0,46.2,98.904224,96.277417778,36.2,47.5,2019
"Mayfield, Jack",608686,2019,65,24.6,1.5,0.204,0.193,0.247,29.2,4.2,20.8,94.96307125,91.499171667,26.9,54.6,2019
"Heineman, Scott",595981,2019,85,23.5,10.6,0.295,0.282,0.309,32.7,1.8,36.4,98.2151375,93.215911091,28.9,47.6,2019
"Davis, J.D.",605204,2019,453,21.4,8.4,0.373,0.383,0.463,36.8,11.1,47.9,102.839054744,95.769210032,28.1,48.9,2019
"Davis, Rajai",434658,2019,26,19.2,3.8,0.262,0.312,0.374,35.0,5.0,30.0,97.274492,92.881311579,26.7,59.4,2019
"Knizner, Andrew",668800,2019,58,24.1,6.9,0.289,0.237,0.263,17.9,2.6,33.3,98.2855565,93.274644359,29.5,53.3,2019
"Caratini, Victor",605170,2019,279,21.1,10.4,0.338,0.344,0.393,32.4,9.0,35.9,99.639721196,93.859793207,22.3,46.0,2019
"Quantrill, Cal",615698,2019,30,20.0,3.3,0.093,0.138,0.157,8.7,0.0,4.3,87.01133125,89.066659333,23.3,54.1,2019
"Sisco, Chance",642082,2019,198,30.8,11.1,0.319,0.333,0.418,37.7,10.4,39.6,98.323231887,93.573763333,29.5,43.4,2019
"Moore, Dylan",664238,2019,282,33.0,8.9,0.299,0.277,0.351,30.3,6.5,36.1,98.478764605,93.244655197,28.3,44.4,2019
"Wieters, Matt",446308,2019,183,25.7,6.6,0.292,0.285,0.35,31.7,7.3,34.1,98.062080806,93.343596423,23.8,44.7,2019
"Arroyo, Christian",624414,2019,57,31.6,8.8,0.296,0.29,0.377,27.3,6.1,24.2,96.27608,92.261345938,31.7,53.2,2019
"Cervelli, Francisco",465041,2019,160,25.6,8.1,0.285,0.285,0.327,35.6,5.9,31.7,96.6472466,92.3236233,24.6,42.5,2019
"Soler, Jorge",624585,2019,679,26.2,10.8,0.378,0.396,0.508,34.7,16.9,50.1,104.405603365,96.703293759,32.5,44.1,2019
"Velasquez, Vince",592826,2019,36,25.0,5.6,0.267,0.252,0.318,24.0,0.0,24.0,95.843825,92.2501705,24.3,51.9,2019
"Bote, David",623520,2019,356,26.1,12.4,0.336,0.316,0.371,34.9,5.7,36.3,100.603479623,94.365111557,32.5,45.7,2019
"Schoop, Jonathan",570731,2019,464,25.0,4.3,0.324,0.314,0.393,35.5,8.8,38.5,100.523025472,94.303766025,32.5,58.4,2019
"Encarnación, Edwin",429665,2019,486,21.2,11.9,0.362,0.365,0.418,34.6,12.9,42.4,101.17625057,94.725991171,25.9,43.5,2019
"Frazier, Clint",640449,2019,246,28.5,6.5,0.333,0.319,0.42,37.3,10.8,36.1,99.326073671,93.755365823,32.7,44.2,2019
"Ramírez, Harold",623912,2019,446,20.4,4.0,0.308,0.301,0.358,29.0,6.3,34.7,99.716576687,93.90759577,25.7,54.2,2019
"Yastrzemski, Mike",573262,2019,411,26.0,7.8,0.353,0.342,0.434,36.9,11.2,42.9,100.328345606,94.375012624,27.3,47.6,2019
"Reynolds, Mark",448602,2019,162,35.2,13.6,0.267,0.272,0.338,33.3,6.2,37.0,99.064327805,93.801911728,38.4,44.7,2019
"Anderson, Shaun",641312,2019,28,67.9,0.0,0.108,0.111,0.359,12.5,12.5,12.5,96.323656667,92.161828333,42.4,55.1,2019
"McCann, Brian",435263,2019,316,16.8,9.8,0.311,0.313,0.333,32.2,5.7,35.2,98.12994,93.223699563,19.0,44.0,2019
"Dyson, Jarrod",502481,2019,452,19.0,10.4,0.281,0.273,0.283,29.3,1.6,21.8,94.212458882,91.256488845,21.4,43.2,2019
"Lorenzen, Michael",547179,2019,53,32.1,9.4,0.262,0.275,0.368,25.8,3.2,64.3,102.64797,97.3482825,35.2,57.1,2019
"Castillo, Luis",622491,2019,66,48.5,0.0,0.09,0.107,0.25,20.6,0.0,6.3,89.2942525,89.669971304,34.4,64.2,2019
"Lowe, Nathaniel",663993,2019,169,29.6,7.7,0.328,0.33,0.437,37.5,10.6,45.2,102.859603846,95.595648462,27.2,44.7,2019
"Freese, David",501896,2019,186,23.7,12.4,0.415,0.384,0.466,36.4,15.3,50.4,101.869765254,95.522423932,28.7,44.8,2019
"Palka, Daniel",594953,2019,93,37.6,8.6,0.174,0.212,0.274,22.4,6.1,34.7,100.0115084,94.204408163,39.5,52.2,2019
"Rosario, Eddie",592696,2019,590,14.6,3.7,0.329,0.327,0.371,33.2,8.5,36.0,98.424787531,93.352567757,21.3,59.3,2019
"Maldonado, Martín",455117,2019,374,23.0,8.6,0.288,0.297,0.341,26.4,7.6,35.1,98.430155122,93.25868249,24.6,45.6,2019
"Alfaro, Jorge",595751,2019,465,33.1,4.7,0.312,0.324,0.461,33.3,11.5,44.8,103.194269429,95.842433082,38.4,61.2,2019
"Joyce, Matt",459964,2019,238,18.9,16.0,0.372,0.36,0.384,38.1,6.5,33.5,97.49674013,92.879986948,25.5,42.8,2019
"Broxton, Keon",542979,2019,228,45.6,8.8,0.229,0.233,0.377,28.2,5.8,30.1,98.39266125,93.218946146,44.0,45.7,2019
"Smith, Mallex",605480,2019,566,24.9,7.4,0.278,0.256,0.292,29.0,2.2,20.1,94.189873149,91.140372155,28.2,48.6,2019
"González, Erik",570481,2019,156,23.7,5.8,0.262,0.248,0.307,28.4,2.8,27.8,98.826440385,93.477520777,29.0,55.4,2019
"Cuthbert, Cheslor",596144,2019,330,20.3,5.8,0.287,0.293,0.341,31.4,4.5,37.6,99.671722149,93.927468678,24.1,48.6,2019
"Santander, Anthony",623993,2019,405,21.2,4.7,0.321,0.319,0.385,31.2,7.7,36.6,100.631026419,94.428867399,21.1,52.0,2019
"Chapman, Matt",656305,2019,670,21.9,10.9,0.354,0.359,0.416,25.1,12.1,49.0,103.46333537,96.250434176,23.7,42.0,2019
"Nola, Austin",543592,2019,267,23.6,8.6,0.337,0.296,0.343,35.0,3.4,35.6,97.969191364,93.060430682,23.1,42.4,2019
"Quinn, Roman",596451,2019,122,27.9,9.8,0.289,0.284,0.349,22.7,5.3,36.0,99.613877419,93.991941475,31.3,43.5,2019
"Wilson, Bobby",435064,2019,47,23.4,4.3,0.113,0.14,0.153,29.4,0.0,2.9,87.86743,89.152875455,15.7,51.4,2019
"Bradley, Bobby",656252,2019,49,40.8,8.2,0.256,0.244,0.368,32.0,8.0,40.0,102.869751538,95.9758032,38.9,49.7,2019
"Engel, Adam",641553,2019,248,31.5,5.6,0.296,0.28,0.372,33.3,5.3,30.0,97.680187465,92.852139789,31.9,50.7,2019
"Lambert, Peter",663567,2019,34,29.4,8.8,0.319,0.269,0.359,28.6,0.0,4.8,91.228175,90.073435333,29.8,45.6,2019
"Lewis, Kyle",641786,2019,75,38.7,4.0,0.357,0.356,0.573,41.9,23.3,46.5,101.344782727,94.978242791,39.0,47.9,2019
"Clarke, Taylor",664199,2019,25,40.0,0.0,0.262,0.15,0.265,26.7,0.0,20.0,92.187357143,90.800482308,28.9,49.5,2019
"Cron, C.J.",543068,2019,499,21.4,5.8,0.325,0.366,0.443,34.0,15.0,45.0,103.083095057,95.828876125,25.3,50.2,2019
"Ortega, Rafael",542364,2019,96,22.9,8.3,0.254,0.28,0.323,34.8,4.5,27.3,96.515991515,92.320221061,21.9,51.5,2019
"Carpenter, Matt",572761,2019,492,26.2,12.8,0.315,0.321,0.374,36.2,7.2,31.1,97.130606383,92.713489573,25.5,40.7,2019
"Dickerson, Alex",543105,2019,190,22.1,6.8,0.341,0.347,0.419,37.6,9.0,43.6,101.06648403,94.823635865,24.0,49.9,2019
"Gardner, Brett",458731,2019,550,19.6,9.5,0.344,0.299,0.326,29.5,4.1,32.7,97.488521211,92.787581583,19.9,38.7,2019
"Slater, Austin",596103,2019,192,30.7,11.5,0.32,0.33,0.433,35.8,10.1,49.1,100.737708519,94.645085185,32.8,42.1,2019
"Higashioka, Kyle",543309,2019,57,45.6,0.0,0.27,0.21,0.386,35.5,9.7,38.7,100.58099625,94.600742581,28.5,61.4,2019
"Toro, Abraham",647351,2019,89,21.3,10.1,0.295,0.3,0.329,31.7,5.0,35.0,97.660786667,92.830393333,18.3,44.7,2019
"Sánchez, Yolmer",570560,2019,555,21.1,7.9,0.281,0.274,0.305,32.1,1.0,27.0,95.805694709,91.918524721,22.8,48.8,2019
"Kingery, Scott",664068,2019,500,29.4,6.8,0.329,0.316,0.418,39.2,8.0,38.9,99.14878293,93.689147891,31.9,50.6,2019
"Gómez, Carlos",460576,2019,99,30.3,7.1,0.268,0.288,0.37,30.5,11.9,33.3,100.856401538,94.455915769,31.5,60.2,2019
"Springer III, George",543807,2019,556,20.3,12.1,0.4,0.4,0.468,31.6,14.1,44.8,102.243162402,95.348781653,26.5,44.0,2019
"Hamels, Cole",430935,2019,46,32.6,2.2,0.155,0.209,0.285,41.4,0.0,20.7,93.369064286,91.03493,29.9,52.7,2019
"Calhoun, Willie",641432,2019,337,15.7,6.8,0.351,0.323,0.352,35.3,6.2,40.7,99.712949922,93.943274729,15.9,49.3,2019
"Rodríguez, Sean",446481,2019,139,29.5,13.7,0.319,0.303,0.357,28.9,5.3,36.8,100.293814722,94.252726056,34.1,43.7,2019
"Márquez, Germán",608566,2019,58,24.1,0.0,0.242,0.203,0.294,27.3,2.3,13.6,92.729277333,90.692587667,28.4,67.7,2019
"Altuve, Jose",514888,2019,548,15.0,7.5,0.374,0.344,0.376,28.2,8.1,34.5,98.232746332,93.15652902,20.7,47.6,2019
"Piña, Manny",444489,2019,179,27.9,8.9,0.308,0.305,0.377,44.0,8.3,34.3,98.190509444,93.132957685,27.2,45.2,2019
"Braun, Ryan",460075,2019,508,20.7,6.7,0.354,0.339,0.399,33.3,9.5,45.3,102.052932898,95.456152393,24.9,51.6,2019
"Naylor, Josh",647304,2019,279,22.9,9.0,0.306,0.298,0.349,30.0,6.3,36.3,100.447291474,94.297610737,22.2,44.8,2019
"Bird, Greg",595885,2019,41,39.0,14.6,0.254,0.288,0.403,31.6,5.3,36.8,97.955963,93.325302105,29.7,44.2,2019
"Darvish, Yu",506433,2019,62,50.0,3.2,0.097,0.136,0.264,13.8,3.4,37.9,100.8787875,94.554766667,32.1,45.0,2019
"Jones, JaCoby",592444,2019,333,28.2,8.1,0.311,0.327,0.422,35.0,10.7,47.6,101.922136893,95.411799317,26.5,47.0,2019
"Gyorko, Jedd",576397,2019,101,23.8,8.9,0.224,0.279,0.323,26.5,4.4,32.4,97.993507059,92.996753529,27.2,47.6,2019
"Pinder, Chad",640461,2019,370,23.8,5.4,0.298,0.319,0.395,31.9,8.2,44.4,101.395071129,95.038595911,25.7,51.8,2019
"Lindor, Francisco",596019,2019,654,15.0,7.0,0.349,0.333,0.37,29.8,7.5,41.0,101.130645418,94.847008982,17.1,51.4,2019
"Beaty, Matt",607461,2019,268,12.3,6.3,0.324,0.319,0.338,28.2,5.1,40.5,100.338583704,94.373558279,18.0,46.2,2019
"McMahon, Ryan",641857,2019,539,29.7,10.4,0.33,0.325,0.423,36.6,9.0,48.0,102.348495723,95.712813868,32.4,49.6,2019
"Healy, Ryon",592387,2019,187,21.4,7.0,0.308,0.317,0.376,33.1,9.0,39.2,99.883530317,94.1541836,25.1,47.3,2019
"Dixon, Brandon",641525,2019,420,32.4,5.0,0.303,0.308,0.433,39.0,11.2,41.3,100.547458308,94.423777606,35.5,51.9,2019
"Grandal, Yasmani",518735,2019,632,22.0,17.2,0.361,0.366,0.405,37.5,11.3,41.8,101.083447676,94.798444108,25.5,38.5,2019
"Iannetta, Chris",455104,2019,164,32.9,11.0,0.303,0.314,0.434,36.3,14.3,51.6,105.150696957,97.245671319,34.6,43.0,2019
"Pérez, Hernán",541650,2019,246,26.8,4.5,0.271,0.256,0.329,27.8,4.1,35.9,98.821071687,93.560488242,26.7,53.0,2019
"Cain, Lorenzo",456715,2019,623,17.0,8.0,0.302,0.335,0.37,31.1,4.1,42.1,100.238276903,94.349469379,19.2,44.7,2019
"Martin, Russell",431145,2019,249,24.1,12.0,0.295,0.304,0.334,25.8,5.3,34.0,98.385595,93.247893265,27.0,40.3,2019
"Russell, Addison",608365,2019,241,24.1,8.3,0.297,0.288,0.34,33.1,6.9,28.1,96.87826481,92.443759051,30.2,48.7,2019
"Cozart, Zack",446359,2019,107,15.0,4.7,0.15,0.247,0.256,31.0,1.2,21.4,94.784234048,91.447349405,18.3,42.8,2019
"Garver, Mitch",641598,2019,359,24.2,11.4,0.404,0.382,0.466,33.6,15.5,50.0,101.425326814,95.198410664,24.0,35.0,2019
"Rodríguez, Dereck",605446,2019,29,58.6,0.0,0.15,0.118,0.285,25.0,0.0,25.0,95.668728333,91.834364167,36.8,60.6,2019
"d'Arnaud, Travis",518595,2019,391,21.7,8.2,0.314,0.335,0.395,33.8,7.7,39.7,100.203373676,94.327140037,26.3,50.5,2019
"Hiura, Keston",669374,2019,348,30.7,7.2,0.388,0.352,0.485,35.6,13.5,50.0,103.0339339,96.005838,36.2,51.3,2019
"Maeda, Kenta",628317,2019,61,21.3,0.0,0.232,0.21,0.288,16.7,0.0,8.3,89.953238235,89.755822353,18.3,61.9,2019
"Fraley, Jake",641584,2019,41,34.1,0.0,0.162,0.152,0.212,26.9,3.8,15.4,92.641129231,90.514034231,27.1,51.8,2019
"Taylor, Beau",607333,2019,30,23.3,13.3,0.303,0.397,0.469,38.9,11.1,50.0,99.181525556,93.851845556,26.3,42.5,2019
"Lauer, Eric",641778,2019,48,47.9,2.1,0.119,0.153,0.328,30.4,4.3,13.0,93.485398889,91.094984706,31.6,48.2,2019
"Naquin, Tyler",571980,2019,294,22.4,4.8,0.33,0.327,0.405,32.5,9.0,38.9,101.033575192,94.826846538,25.5,54.9,2019
"Robles, Victor",645302,2019,617,22.7,5.7,0.317,0.294,0.337,34.5,4.8,23.0,94.905795816,91.739895663,23.5,49.9,2019
"Grossman, Robbie",543257,2019,482,17.8,12.2,0.299,0.326,0.346,36.0,2.4,30.9,96.88005241,92.473119157,15.5,38.4,2019
"Yelich, Christian",592885,2019,580,20.3,13.8,0.442,0.429,0.514,33.2,15.8,49.1,104.869553459,97.015311892,28.3,45.2,2019
"Teheran, Julio",527054,2019,60,40.0,0.0,0.099,0.134,0.235,19.4,0.0,27.8,93.403173125,91.23133129,34.6,50.7,2019
"Torres, Gleyber",650402,2019,604,21.4,7.9,0.358,0.34,0.404,38.2,10.1,36.8,99.178781179,93.678797352,28.0,51.8,2019
"Turner, Justin",457759,2019,549,16.0,9.3,0.37,0.377,0.41,38.6,7.8,43.0,99.316567333,94.054303103,17.2,45.5,2019
"Rogers, Jake",668670,2019,128,39.8,10.2,0.216,0.207,0.268,27.0,4.8,20.6,93.646170667,91.087169831,31.5,43.1,2019
"Stroman, Marcus",573186,2019,25,52.0,0.0,0.038,0.11,0.268,16.7,0.0,16.7,94.428256,91.95096,49.1,76.0,2019
"Correa, Carlos",621043,2019,321,23.4,10.9,0.38,0.392,0.484,36.4,12.9,42.0,102.4206864,95.299037538,24.8,44.3,2019
"Peterson, Jace",607054,2019,108,22.2,5.6,0.258,0.293,0.348,37.7,3.9,26.0,96.612149737,92.52345,30.4,46.6,2019
"Lamb, Jake",571875,2019,226,24.3,14.2,0.297,0.347,0.396,33.6,8.2,42.5,100.601395821,94.602444887,25.8,42.0,2019
